Station Name,Date/Time (LST),Year,Month,Day,Hour,Temperature,Dew Point Temperature,Wind_Speed,Precipitation,Station Pressure,Humidity,Windchill
HAMILTON A,2018-01-01 00:00:00,2018,1,1,0,-23.8,-25.5,11,,100.08,86.0,-32.0
HAMILTON A,2018-01-01 01:00:00,2018,1,1,1,-22.8,-24.6,11,,100.07,85.0,-31.0
HAMILTON A,2018-01-01 02:00:00,2018,1,1,2,-22.8,-24.6,12,,100.06,86.0,-31.0
HAMILTON A,2018-01-01 03:00:00,2018,1,1,3,-23.4,-25.1,11,,100.06,86.0,-32.0
HAMILTON A,2018-01-01 04:00:00,2018,1,1,4,-21.9,-23.8,7,,100.03,85.0,-28.0
HAMILTON A,2018-01-01 05:00:00,2018,1,1,5,-20.7,-22.8,7,,99.98,84.0,-26.0
HAMILTON A,2018-01-01 06:00:00,2018,1,1,6,-21.1,-22.9,9,,99.95,85.0,-28.0
HAMILTON A,2018-01-01 07:00:00,2018,1,1,7,-20.8,-22.6,12,,99.93,85.0,-29.0
HAMILTON A,2018-01-01 08:00:00,2018,1,1,8,-20.0,-22.0,15,,99.91,84.0,-29.0
HAMILTON A,2018-01-01 09:00:00,2018,1,1,9,-17.8,-19.9,17,,99.88,84.0,-27.0
HAMILTON A,2018-01-01 10:00:00,2018,1,1,10,-15.2,-17.4,17,,99.9,84.0,-24.0
HAMILTON A,2018-01-01 11:00:00,2018,1,1,11,-13.1,-16.3,22,,99.89,77.0,-22.0
HAMILTON A,2018-01-01 12:00:00,2018,1,1,12,-11.7,-17.1,28,,99.83,65.0,-21.0
HAMILTON A,2018-01-01 13:00:00,2018,1,1,13,-11.5,-16.9,26,,99.76,65.0,-21.0
HAMILTON A,2018-01-01 14:00:00,2018,1,1,14,-12.0,-16.2,25,,99.73,71.0,-21.0
HAMILTON A,2018-01-01 15:00:00,2018,1,1,15,-11.7,-15.5,35,,99.73,74.0,-22.0
HAMILTON A,2018-01-01 16:00:00,2018,1,1,16,-11.2,-14.7,28,,99.76,76.0,-21.0
HAMILTON A,2018-01-01 17:00:00,2018,1,1,17,-11.4,-14.8,31,,99.82,76.0,-21.0
HAMILTON A,2018-01-01 18:00:00,2018,1,1,18,-12.2,-14.8,26,,99.91,81.0,-22.0
HAMILTON A,2018-01-01 19:00:00,2018,1,1,19,-12.2,-14.6,21,,99.95,82.0,-21.0
HAMILTON A,2018-01-01 20:00:00,2018,1,1,20,-12.1,-14.5,22,,99.97,82.0,-21.0
HAMILTON A,2018-01-01 21:00:00,2018,1,1,21,-12.0,-14.4,21,,99.99,82.0,-21.0
HAMILTON A,2018-01-01 22:00:00,2018,1,1,22,-12.3,-14.3,19,,100.01,85.0,-21.0
HAMILTON A,2018-01-01 23:00:00,2018,1,1,23,-12.1,-14.3,17,,100.03,84.0,-20.0
HAMILTON A,2018-01-02 17:00:00,2018,1,2,17,-9.3,-12.8,41,,99.34,76.0,-20.0
HAMILTON A,2018-01-02 16:00:00,2018,1,2,16,-8.7,-13.0,35,,99.37,71.0,-18.0
HAMILTON A,2018-01-02 00:00:00,2018,1,2,0,-11.8,-14.3,24,,99.99,81.0,-21.0
HAMILTON A,2018-01-02 01:00:00,2018,1,2,1,-11.5,-14.6,28,,99.94,78.0,-21.0
HAMILTON A,2018-01-02 02:00:00,2018,1,2,2,-11.6,-14.8,34,,99.94,77.0,-22.0
HAMILTON A,2018-01-02 03:00:00,2018,1,2,3,-11.6,-14.9,28,,99.94,76.0,-21.0
HAMILTON A,2018-01-02 04:00:00,2018,1,2,4,-11.7,-15.0,30,,99.94,76.0,-22.0
HAMILTON A,2018-01-02 05:00:00,2018,1,2,5,-12.0,-15.3,35,,99.92,77.0,-23.0
HAMILTON A,2018-01-02 06:00:00,2018,1,2,6,-13.1,-16.3,32,,99.93,77.0,-24.0
HAMILTON A,2018-01-02 07:00:00,2018,1,2,7,-14.0,-17.2,34,,99.91,77.0,-25.0
HAMILTON A,2018-01-02 08:00:00,2018,1,2,8,-14.5,-17.4,33,,99.84,79.0,-26.0
HAMILTON A,2018-01-02 09:00:00,2018,1,2,9,-13.8,-16.5,32,,99.77,80.0,-25.0
HAMILTON A,2018-01-02 10:00:00,2018,1,2,10,-12.0,-14.9,35,,99.7,79.0,-23.0
HAMILTON A,2018-01-02 11:00:00,2018,1,2,11,-11.1,-14.3,42,,99.68,77.0,-22.0
HAMILTON A,2018-01-02 12:00:00,2018,1,2,12,-10.6,-14.2,45,,99.56,75.0,-22.0
HAMILTON A,2018-01-02 13:00:00,2018,1,2,13,-9.4,-13.7,44,,99.46,71.0,-20.0
HAMILTON A,2018-01-02 14:00:00,2018,1,2,14,-9.1,-13.6,48,,99.4,70.0,-20.0
HAMILTON A,2018-01-02 15:00:00,2018,1,2,15,-9.1,-13.3,41,,99.41,72.0,-20.0
HAMILTON A,2018-01-02 18:00:00,2018,1,2,18,-9.6,-12.5,34,,99.36,80.0,-20.0
HAMILTON A,2018-01-02 19:00:00,2018,1,2,19,-9.8,-12.9,35,,99.37,79.0,-20.0
HAMILTON A,2018-01-02 20:00:00,2018,1,2,20,-10.2,-13.1,27,,99.34,80.0,-19.0
HAMILTON A,2018-01-02 21:00:00,2018,1,2,21,-10.6,-13.2,26,,99.28,81.0,-20.0
HAMILTON A,2018-01-02 22:00:00,2018,1,2,22,-11.2,-13.7,25,,99.24,82.0,-20.0
HAMILTON A,2018-01-02 23:00:00,2018,1,2,23,-12.1,-14.7,15,,99.23,81.0,-19.0
HAMILTON A,2018-01-03 00:00:00,2018,1,3,0,-12.8,-15.3,9,,99.19,81.0,-18.0
HAMILTON A,2018-01-03 01:00:00,2018,1,3,1,-10.7,-13.6,27,,99.11,79.0,-20.0
HAMILTON A,2018-01-03 02:00:00,2018,1,3,2,-10.7,-14.0,28,,99.08,77.0,-20.0
HAMILTON A,2018-01-03 03:00:00,2018,1,3,3,-10.6,-14.1,25,,99.06,76.0,-20.0
HAMILTON A,2018-01-03 04:00:00,2018,1,3,4,-10.6,-14.3,27,,99.04,75.0,-20.0
HAMILTON A,2018-01-03 05:00:00,2018,1,3,5,-9.8,-13.6,31,,98.97,74.0,-19.0
HAMILTON A,2018-01-03 06:00:00,2018,1,3,6,-9.6,-12.8,20,,98.96,77.0,-17.0
HAMILTON A,2018-01-03 07:00:00,2018,1,3,7,-11.0,-15.1,26,,98.96,72.0,-20.0
HAMILTON A,2018-01-03 08:00:00,2018,1,3,8,-11.0,-14.3,18,,98.94,77.0,-19.0
HAMILTON A,2018-01-03 09:00:00,2018,1,3,9,-10.7,-13.3,13,,98.88,81.0,-17.0
HAMILTON A,2018-01-03 10:00:00,2018,1,3,10,-9.0,-12.2,22,,98.84,78.0,-17.0
HAMILTON A,2018-01-03 11:00:00,2018,1,3,11,-8.0,-11.6,26,,98.78,76.0,-16.0
HAMILTON A,2018-01-03 12:00:00,2018,1,3,12,-7.8,-11.7,28,,98.7,74.0,-16.0
HAMILTON A,2018-01-03 13:00:00,2018,1,3,13,-7.7,-11.6,27,,98.6,74.0,-16.0
HAMILTON A,2018-01-03 14:00:00,2018,1,3,14,-7.9,-10.8,30,,98.52,79.0,-17.0
HAMILTON A,2018-01-03 15:00:00,2018,1,3,15,-7.8,-10.0,25,,98.47,84.0,-16.0
HAMILTON A,2018-01-03 16:00:00,2018,1,3,16,-7.9,-9.6,21,,98.46,87.0,-15.0
HAMILTON A,2018-01-03 17:00:00,2018,1,3,17,-7.7,-9.8,25,,98.47,84.0,-16.0
HAMILTON A,2018-01-03 18:00:00,2018,1,3,18,-7.8,-9.5,22,,98.55,88.0,-15.0
HAMILTON A,2018-01-03 19:00:00,2018,1,3,19,-8.3,-10.2,23,,98.61,86.0,-16.0
HAMILTON A,2018-01-03 20:00:00,2018,1,3,20,-9.2,-11.7,17,,98.62,83.0,-16.0
HAMILTON A,2018-01-03 21:00:00,2018,1,3,21,-10.0,-12.2,17,,98.59,84.0,-17.0
HAMILTON A,2018-01-03 22:00:00,2018,1,3,22,-10.2,-12.8,17,,98.56,81.0,-17.0
HAMILTON A,2018-01-03 23:00:00,2018,1,3,23,-10.5,-13.0,15,,98.52,82.0,-17.0
HAMILTON A,2018-01-04 00:00:00,2018,1,4,0,-10.4,-12.9,14,,98.57,82.0,-17.0
HAMILTON A,2018-01-04 01:00:00,2018,1,4,1,-10.5,-12.9,15,,98.49,82.0,-17.0
HAMILTON A,2018-01-04 02:00:00,2018,1,4,2,-10.6,-12.8,14,,98.52,84.0,-17.0
HAMILTON A,2018-01-04 03:00:00,2018,1,4,3,-10.6,-12.6,14,,98.52,86.0,-17.0
HAMILTON A,2018-01-04 04:00:00,2018,1,4,4,-10.8,-12.7,12,,98.44,87.0,-17.0
HAMILTON A,2018-01-04 05:00:00,2018,1,4,5,-10.7,-12.5,11,,98.43,87.0,-16.0
HAMILTON A,2018-01-04 06:00:00,2018,1,4,6,-11.9,-13.3,3,,98.51,90.0,-14.0
HAMILTON A,2018-01-04 07:00:00,2018,1,4,7,-12.0,-15.3,18,,98.51,77.0,-20.0
HAMILTON A,2018-01-04 08:00:00,2018,1,4,8,-12.9,-17.0,22,,98.5,71.0,-22.0
HAMILTON A,2018-01-04 09:00:00,2018,1,4,9,-13.0,-17.6,26,,98.43,69.0,-23.0
HAMILTON A,2018-01-04 10:00:00,2018,1,4,10,-12.7,-17.5,25,,98.38,68.0,-22.0
HAMILTON A,2018-01-04 11:00:00,2018,1,4,11,-12.0,-17.8,21,,98.39,62.0,-21.0
HAMILTON A,2018-01-04 12:00:00,2018,1,4,12,-12.1,-18.4,28,,98.39,60.0,-22.0
HAMILTON A,2018-01-04 13:00:00,2018,1,4,13,-11.9,-18.6,22,,98.37,58.0,-21.0
HAMILTON A,2018-01-04 14:00:00,2018,1,4,14,-12.3,-19.1,28,,98.33,58.0,-22.0
HAMILTON A,2018-01-04 15:00:00,2018,1,4,15,-13.0,-19.9,28,,98.33,57.0,-23.0
HAMILTON A,2018-01-04 16:00:00,2018,1,4,16,-13.8,-20.4,21,,98.37,58.0,-23.0
HAMILTON A,2018-01-04 17:00:00,2018,1,4,17,-15.6,-21.0,23,,98.41,64.0,-26.0
HAMILTON A,2018-01-04 18:00:00,2018,1,4,18,-16.7,-21.7,20,,98.41,66.0,-26.0
HAMILTON A,2018-01-04 19:00:00,2018,1,4,19,-17.1,-21.8,23,,98.45,67.0,-27.0
HAMILTON A,2018-01-04 20:00:00,2018,1,4,20,-17.2,-22.3,22,,98.47,65.0,-27.0
HAMILTON A,2018-01-04 21:00:00,2018,1,4,21,-17.3,-22.8,18,,98.48,63.0,-27.0
HAMILTON A,2018-01-04 22:00:00,2018,1,4,22,-17.2,-22.8,26,,98.47,63.0,-28.0
HAMILTON A,2018-01-04 23:00:00,2018,1,4,23,-17.7,-22.8,25,,98.5,65.0,-29.0
HAMILTON A,2018-01-05 00:00:00,2018,1,5,0,-18.2,-22.9,19,,98.51,67.0,-28.0
HAMILTON A,2018-01-05 01:00:00,2018,1,5,1,-18.7,-23.2,19,,98.53,68.0,-29.0
HAMILTON A,2018-01-05 02:00:00,2018,1,5,2,-19.1,-23.7,16,,98.57,67.0,-28.0
HAMILTON A,2018-01-05 03:00:00,2018,1,5,3,-19.6,-23.8,15,,98.62,69.0,-29.0
HAMILTON A,2018-01-05 04:00:00,2018,1,5,4,-19.9,-24.1,11,,98.64,70.0,-28.0
HAMILTON A,2018-01-05 05:00:00,2018,1,5,5,-20.1,-24.2,15,,98.66,70.0,-29.0
HAMILTON A,2018-01-05 06:00:00,2018,1,5,6,-20.9,-24.5,9,,98.71,73.0,-28.0
HAMILTON A,2018-01-05 07:00:00,2018,1,5,7,-20.6,-24.3,11,,98.78,73.0,-28.0
HAMILTON A,2018-01-05 08:00:00,2018,1,5,8,-20.4,-24.7,14,,98.84,69.0,-29.0
HAMILTON A,2018-01-05 09:00:00,2018,1,5,9,-20.8,-24.8,10,,98.89,71.0,-28.0
HAMILTON A,2018-01-05 10:00:00,2018,1,5,10,-18.6,-24.6,16,,98.94,60.0,-28.0
HAMILTON A,2018-01-05 11:00:00,2018,1,5,11,-17.5,-24.4,24,,98.99,56.0,-28.0
HAMILTON A,2018-01-05 12:00:00,2018,1,5,12,-16.6,-24.1,21,,98.97,53.0,-26.0
HAMILTON A,2018-01-05 13:00:00,2018,1,5,13,-16.3,-24.3,24,,98.95,51.0,-27.0
HAMILTON A,2018-01-05 14:00:00,2018,1,5,14,-16.3,-24.4,35,,98.99,51.0,-29.0
HAMILTON A,2018-01-05 15:00:00,2018,1,5,15,-16.4,-24.1,29,,99.03,52.0,-28.0
HAMILTON A,2018-01-05 16:00:00,2018,1,5,16,-16.6,-24.0,30,,99.11,54.0,-28.0
HAMILTON A,2018-01-05 17:00:00,2018,1,5,17,-17.5,-23.8,19,,99.15,58.0,-27.0
HAMILTON A,2018-01-05 18:00:00,2018,1,5,18,-18.3,-23.6,13,,99.22,64.0,-26.0
HAMILTON A,2018-01-05 19:00:00,2018,1,5,19,-19.6,-24.0,12,,99.27,69.0,-28.0
HAMILTON A,2018-01-05 20:00:00,2018,1,5,20,-19.6,-23.6,14,,99.3,71.0,-28.0
HAMILTON A,2018-01-05 21:00:00,2018,1,5,21,-20.1,-23.1,8,,99.31,78.0,-26.0
HAMILTON A,2018-01-05 22:00:00,2018,1,5,22,-19.2,-22.3,5,,99.32,77.0,-23.0
HAMILTON A,2018-01-05 23:00:00,2018,1,5,23,-18.4,-22.7,18,,99.32,70.0,-28.0
HAMILTON A,2018-01-06 21:00:00,2018,1,6,21,-21.4,-24.2,9,,100.46,78.0,-28.0
HAMILTON A,2018-01-06 00:00:00,2018,1,6,0,-19.4,-24.0,17,,99.33,67.0,-29.0
HAMILTON A,2018-01-06 01:00:00,2018,1,6,1,-20.3,-24.7,12,,99.39,69.0,-28.0
HAMILTON A,2018-01-06 02:00:00,2018,1,6,2,-21.0,-25.4,10,,99.47,68.0,-28.0
HAMILTON A,2018-01-06 03:00:00,2018,1,6,3,-21.9,-25.8,9,,99.57,71.0,-29.0
HAMILTON A,2018-01-06 04:00:00,2018,1,6,4,-23.1,-26.2,9,,99.61,76.0,-30.0
HAMILTON A,2018-01-06 05:00:00,2018,1,6,5,-23.8,-26.4,10,,99.66,79.0,-32.0
HAMILTON A,2018-01-06 06:00:00,2018,1,6,6,-23.6,-26.1,10,,99.72,80.0,-32.0
HAMILTON A,2018-01-06 07:00:00,2018,1,6,7,-23.4,-26.4,14,,99.78,77.0,-33.0
HAMILTON A,2018-01-06 08:00:00,2018,1,6,8,-23.6,-26.5,14,,99.86,77.0,-33.0
HAMILTON A,2018-01-06 09:00:00,2018,1,6,9,-22.3,-25.7,12,,99.95,74.0,-31.0
HAMILTON A,2018-01-06 10:00:00,2018,1,6,10,-19.8,-25.2,17,,100.05,63.0,-29.0
HAMILTON A,2018-01-06 11:00:00,2018,1,6,11,-18.3,-24.8,17,,100.1,57.0,-28.0
HAMILTON A,2018-01-06 12:00:00,2018,1,6,12,-16.9,-24.5,21,,100.11,52.0,-27.0
HAMILTON A,2018-01-06 13:00:00,2018,1,6,13,-16.5,-24.7,22,,100.11,50.0,-27.0
HAMILTON A,2018-01-06 14:00:00,2018,1,6,14,-16.2,-24.9,23,,100.12,48.0,-26.0
HAMILTON A,2018-01-06 15:00:00,2018,1,6,15,-16.1,-24.5,14,,100.2,49.0,-24.0
HAMILTON A,2018-01-06 16:00:00,2018,1,6,16,-16.4,-25.0,16,,100.29,48.0,-25.0
HAMILTON A,2018-01-06 17:00:00,2018,1,6,17,-17.4,-24.9,10,,100.36,53.0,-24.0
HAMILTON A,2018-01-06 18:00:00,2018,1,6,18,-18.5,-24.8,7,,100.39,59.0,-24.0
HAMILTON A,2018-01-06 19:00:00,2018,1,6,19,-20.4,-24.7,8,,100.42,69.0,-27.0
HAMILTON A,2018-01-06 20:00:00,2018,1,6,20,-20.2,-23.9,6,,100.44,72.0,-25.0
HAMILTON A,2018-01-06 22:00:00,2018,1,6,22,-22.1,-24.5,9,,100.44,81.0,-29.0
HAMILTON A,2018-01-06 23:00:00,2018,1,6,23,-22.7,-24.8,8,,100.45,83.0,-29.0
HAMILTON A,2018-01-07 00:00:00,2018,1,7,0,-23.4,-25.4,10,,100.43,84.0,-31.0
HAMILTON A,2018-01-07 01:00:00,2018,1,7,1,-22.8,-24.6,9,,100.39,85.0,-30.0
HAMILTON A,2018-01-07 02:00:00,2018,1,7,2,-22.4,-24.2,8,,100.35,86.0,-29.0
HAMILTON A,2018-01-07 03:00:00,2018,1,7,3,-22.0,-23.8,8,,100.32,85.0,-29.0
HAMILTON A,2018-01-07 04:00:00,2018,1,7,4,-22.4,-24.5,8,,100.28,84.0,-29.0
HAMILTON A,2018-01-07 05:00:00,2018,1,7,5,-21.8,-24.2,9,,100.27,82.0,-29.0
HAMILTON A,2018-01-07 06:00:00,2018,1,7,6,-22.2,-24.7,9,,100.26,80.0,-29.0
HAMILTON A,2018-01-07 07:00:00,2018,1,7,7,-21.2,-23.7,14,,100.21,80.0,-30.0
HAMILTON A,2018-01-07 08:00:00,2018,1,7,8,-16.9,-19.5,23,,100.14,81.0,-27.0
HAMILTON A,2018-01-07 09:00:00,2018,1,7,9,-14.7,-17.4,21,,100.09,80.0,-24.0
HAMILTON A,2018-01-07 10:00:00,2018,1,7,10,-13.0,-16.6,31,,99.98,75.0,-24.0
HAMILTON A,2018-01-07 11:00:00,2018,1,7,11,-11.2,-16.0,37,,99.9,68.0,-22.0
HAMILTON A,2018-01-07 12:00:00,2018,1,7,12,-11.1,-16.2,32,,99.69,66.0,-21.0
HAMILTON A,2018-01-07 13:00:00,2018,1,7,13,-10.9,-15.9,32,,99.53,67.0,-21.0
HAMILTON A,2018-01-07 14:00:00,2018,1,7,14,-10.5,-15.1,36,,99.36,69.0,-21.0
HAMILTON A,2018-01-07 15:00:00,2018,1,7,15,-9.3,-14.9,32,,99.22,64.0,-19.0
HAMILTON A,2018-01-07 16:00:00,2018,1,7,16,-8.6,-15.3,38,,99.13,58.0,-19.0
HAMILTON A,2018-01-07 17:00:00,2018,1,7,17,-8.2,-12.9,35,,99.04,69.0,-18.0
HAMILTON A,2018-01-07 18:00:00,2018,1,7,18,-7.4,-10.9,35,,99.01,76.0,-17.0
HAMILTON A,2018-01-07 19:00:00,2018,1,7,19,-6.1,-11.1,34,,98.93,68.0,-15.0
HAMILTON A,2018-01-07 20:00:00,2018,1,7,20,-5.0,-11.0,35,,98.87,63.0,-14.0
HAMILTON A,2018-01-07 21:00:00,2018,1,7,21,-4.2,-11.0,27,,98.82,59.0,-12.0
HAMILTON A,2018-01-07 22:00:00,2018,1,7,22,-3.3,-10.2,36,,98.77,59.0,-11.0
HAMILTON A,2018-01-07 23:00:00,2018,1,7,23,-2.5,-9.0,46,,98.68,61.0,-11.0
HAMILTON A,2018-01-08 00:00:00,2018,1,8,0,-2.9,-5.4,43,,98.66,83.0,-12.0
HAMILTON A,2018-01-08 01:00:00,2018,1,8,1,-2.7,-4.4,43,,98.65,89.0,-11.0
HAMILTON A,2018-01-08 02:00:00,2018,1,8,2,-2.9,-3.9,34,,98.61,93.0,-11.0
HAMILTON A,2018-01-08 03:00:00,2018,1,8,3,-3.2,-4.3,28,,98.56,92.0,-10.0
HAMILTON A,2018-01-08 04:00:00,2018,1,8,4,-3.2,-4.2,31,,98.47,93.0,-11.0
HAMILTON A,2018-01-08 05:00:00,2018,1,8,5,-3.2,-4.2,31,,98.36,93.0,-11.0
HAMILTON A,2018-01-08 06:00:00,2018,1,8,6,-2.6,-3.5,28,,98.28,94.0,-10.0
HAMILTON A,2018-01-08 07:00:00,2018,1,8,7,-1.8,-2.4,30,,98.18,95.0,-9.0
HAMILTON A,2018-01-08 08:00:00,2018,1,8,8,-1.4,-1.9,34,,98.1,96.0,-9.0
HAMILTON A,2018-01-08 09:00:00,2018,1,8,9,-0.5,-1.2,36,,98.07,95.0,-8.0
HAMILTON A,2018-01-08 10:00:00,2018,1,8,10,0.6,-0.5,37,,98.11,92.0,
HAMILTON A,2018-01-08 11:00:00,2018,1,8,11,0.6,-0.4,40,,98.12,93.0,
HAMILTON A,2018-01-08 12:00:00,2018,1,8,12,0.9,-0.4,42,,98.04,91.0,
HAMILTON A,2018-01-08 13:00:00,2018,1,8,13,0.9,-0.5,33,,98.08,91.0,
HAMILTON A,2018-01-08 14:00:00,2018,1,8,14,0.8,-0.3,27,,98.11,92.0,
HAMILTON A,2018-01-08 15:00:00,2018,1,8,15,0.8,0.0,26,,98.13,95.0,
HAMILTON A,2018-01-08 16:00:00,2018,1,8,16,1.0,-0.2,30,,98.17,92.0,
HAMILTON A,2018-01-08 17:00:00,2018,1,8,17,1.1,-0.5,23,,98.19,89.0,
HAMILTON A,2018-01-08 18:00:00,2018,1,8,18,1.0,-0.8,26,,98.28,87.0,
HAMILTON A,2018-01-08 19:00:00,2018,1,8,19,1.0,-1.0,28,,98.33,87.0,
HAMILTON A,2018-01-08 20:00:00,2018,1,8,20,1.0,-1.0,28,,98.38,87.0,
HAMILTON A,2018-01-08 21:00:00,2018,1,8,21,1.0,-1.0,27,,98.42,87.0,
HAMILTON A,2018-01-08 22:00:00,2018,1,8,22,0.8,-1.4,24,,98.43,86.0,
HAMILTON A,2018-01-08 23:00:00,2018,1,8,23,0.6,-1.5,23,,98.53,86.0,
HAMILTON A,2018-01-09 00:00:00,2018,1,9,0,1.0,-3.0,17,,98.61,75.0,
HAMILTON A,2018-01-09 01:00:00,2018,1,9,1,0.6,-4.2,24,,98.68,70.0,
HAMILTON A,2018-01-09 02:00:00,2018,1,9,2,0.2,-4.9,21,,98.74,68.0,
HAMILTON A,2018-01-09 03:00:00,2018,1,9,3,-0.3,-4.6,21,,98.84,73.0,-6.0
HAMILTON A,2018-01-09 04:00:00,2018,1,9,4,-0.6,-3.5,26,,98.91,81.0,-7.0
HAMILTON A,2018-01-09 05:00:00,2018,1,9,5,-1.6,-3.9,17,,98.97,84.0,-7.0
HAMILTON A,2018-01-09 06:00:00,2018,1,9,6,-2.7,-4.4,14,,99.07,88.0,-8.0
HAMILTON A,2018-01-09 07:00:00,2018,1,9,7,-2.9,-4.4,15,,99.16,89.0,-8.0
HAMILTON A,2018-01-09 08:00:00,2018,1,9,8,-2.9,-4.5,14,,99.27,89.0,-8.0
HAMILTON A,2018-01-09 09:00:00,2018,1,9,9,-3.2,-4.7,12,,99.37,90.0,-8.0
HAMILTON A,2018-01-09 10:00:00,2018,1,9,10,-2.7,-5.0,13,,99.47,84.0,-7.0
HAMILTON A,2018-01-09 11:00:00,2018,1,9,11,-1.8,-7.2,19,,99.54,67.0,-7.0
HAMILTON A,2018-01-09 12:00:00,2018,1,9,12,-1.5,-7.1,18,,99.54,66.0,-7.0
HAMILTON A,2018-01-09 13:00:00,2018,1,9,13,-1.6,-7.3,23,,99.56,65.0,-8.0
HAMILTON A,2018-01-09 14:00:00,2018,1,9,14,-1.5,-7.3,23,,99.61,65.0,-8.0
HAMILTON A,2018-01-09 15:00:00,2018,1,9,15,-1.7,-6.7,19,,99.65,69.0,-7.0
HAMILTON A,2018-01-09 16:00:00,2018,1,9,16,-1.6,-7.6,16,,99.72,64.0,-7.0
HAMILTON A,2018-01-09 17:00:00,2018,1,9,17,-2.3,-7.2,9,,99.77,69.0,-6.0
HAMILTON A,2018-01-09 18:00:00,2018,1,9,18,-2.3,-7.5,4,,99.82,68.0,-4.0
HAMILTON A,2018-01-09 19:00:00,2018,1,9,19,-3.1,-7.0,7,,99.88,74.0,-6.0
HAMILTON A,2018-01-09 20:00:00,2018,1,9,20,-3.2,-6.9,7,,99.89,76.0,-6.0
HAMILTON A,2018-01-09 21:00:00,2018,1,9,21,-3.7,-7.5,3,,99.89,75.0,-5.0
HAMILTON A,2018-01-09 22:00:00,2018,1,9,22,-4.7,-7.3,0,,99.88,82.0,
HAMILTON A,2018-01-09 23:00:00,2018,1,9,23,-5.8,-7.6,3,,99.92,87.0,-7.0
HAMILTON A,2018-01-10 00:00:00,2018,1,10,0,-7.6,-9.9,8,,99.89,84.0,-12.0
HAMILTON A,2018-01-10 01:00:00,2018,1,10,1,-7.7,-8.4,4,,99.9,95.0,-10.0
HAMILTON A,2018-01-10 02:00:00,2018,1,10,2,-8.2,-9.6,7,,99.89,90.0,-12.0
HAMILTON A,2018-01-10 03:00:00,2018,1,10,3,-6.6,-8.9,11,,99.83,84.0,-12.0
HAMILTON A,2018-01-10 04:00:00,2018,1,10,4,-7.8,-8.6,4,,99.75,94.0,-10.0
HAMILTON A,2018-01-10 05:00:00,2018,1,10,5,-7.8,-8.2,7,,99.7,97.0,-11.0
HAMILTON A,2018-01-10 06:00:00,2018,1,10,6,-7.7,-8.1,9,,99.63,97.0,-12.0
HAMILTON A,2018-01-10 07:00:00,2018,1,10,7,-7.6,-8.2,8,,99.59,96.0,-12.0
HAMILTON A,2018-01-10 08:00:00,2018,1,10,8,-8.1,-9.2,11,,99.52,92.0,-13.0
HAMILTON A,2018-01-10 09:00:00,2018,1,10,9,-6.3,-7.1,11,,99.51,94.0,-11.0
HAMILTON A,2018-01-10 10:00:00,2018,1,10,10,-5.2,-6.1,8,,99.51,93.0,-9.0
HAMILTON A,2018-01-10 11:00:00,2018,1,10,11,-2.9,-4.8,10,,99.37,86.0,-7.0
HAMILTON A,2018-01-10 12:00:00,2018,1,10,12,-0.4,-3.8,10,,99.25,77.0,-4.0
HAMILTON A,2018-01-10 13:00:00,2018,1,10,13,0.4,-3.5,10,,99.1,75.0,
HAMILTON A,2018-01-10 14:00:00,2018,1,10,14,1.4,-1.6,11,,98.95,80.0,
HAMILTON A,2018-01-10 15:00:00,2018,1,10,15,0.8,0.3,8,,98.91,97.0,
HAMILTON A,2018-01-10 16:00:00,2018,1,10,16,0.6,0.5,5,,98.88,99.0,
HAMILTON A,2018-01-10 17:00:00,2018,1,10,17,0.1,0.0,8,,98.82,99.0,
HAMILTON A,2018-01-10 18:00:00,2018,1,10,18,0.3,0.2,5,,98.79,100.0,
HAMILTON A,2018-01-10 19:00:00,2018,1,10,19,3.4,3.4,18,,98.78,100.0,
HAMILTON A,2018-01-10 20:00:00,2018,1,10,20,4.3,2.9,21,,98.8,91.0,
HAMILTON A,2018-01-10 21:00:00,2018,1,10,21,4.5,3.0,22,,98.79,90.0,
HAMILTON A,2018-01-10 22:00:00,2018,1,10,22,4.9,2.8,26,,98.76,86.0,
HAMILTON A,2018-01-10 23:00:00,2018,1,10,23,5.3,2.6,25,,98.76,83.0,
HAMILTON RBG CS,2018-01-10 12:00:00,2018,1,10,12,-0.3,-4.1,6,0.0,100.89,75.0,-2.0
HAMILTON RBG CS,2018-01-10 13:00:00,2018,1,10,13,0.2,-3.6,4,0.0,100.73,76.0,
HAMILTON RBG CS,2018-01-10 14:00:00,2018,1,10,14,0.2,-2.6,5,0.0,100.58,82.0,
HAMILTON RBG CS,2018-01-10 15:00:00,2018,1,10,15,-0.4,-0.6,3,0.2,100.55,99.0,-1.0
HAMILTON RBG CS,2018-01-10 16:00:00,2018,1,10,16,-0.4,-0.4,4,1.4,100.52,100.0,-2.0
HAMILTON RBG CS,2018-01-10 17:00:00,2018,1,10,17,0.0,,0,0.2,100.46,,
HAMILTON RBG CS,2018-01-10 18:00:00,2018,1,10,18,0.1,,0,0.0,100.42,,
HAMILTON RBG CS,2018-01-10 19:00:00,2018,1,10,19,0.2,,3,0.0,100.4,,
HAMILTON RBG CS,2018-01-10 20:00:00,2018,1,10,20,0.3,,0,0.0,100.4,,
HAMILTON RBG CS,2018-01-10 21:00:00,2018,1,10,21,0.4,,0,0.0,100.38,,
HAMILTON RBG CS,2018-01-10 22:00:00,2018,1,10,22,5.3,,8,0.0,100.32,,
HAMILTON RBG CS,2018-01-10 23:00:00,2018,1,10,23,6.7,5.4,7,0.0,100.32,91.0,
HAMILTON RBG CS,2018-01-11 01:00:00,2018,1,11,1,7.3,4.8,6,0.0,100.25,84.0,
HAMILTON RBG CS,2018-01-11 05:00:00,2018,1,11,5,9.1,5.7,12,0.0,100.28,79.0,
HAMILTON RBG CS,2018-01-11 16:00:00,2018,1,11,16,11.7,9.0,8,0.0,99.98,83.0,
HAMILTON RBG CS,2018-01-11 20:00:00,2018,1,11,20,10.7,10.6,10,0.8,99.79,99.0,
HAMILTON RBG CS,2018-01-11 00:00:00,2018,1,11,0,7.3,4.6,6,0.0,100.33,83.0,
HAMILTON RBG CS,2018-01-11 02:00:00,2018,1,11,2,7.9,4.6,10,0.0,100.26,79.0,
HAMILTON RBG CS,2018-01-11 03:00:00,2018,1,11,3,8.3,5.0,7,0.0,100.29,80.0,
HAMILTON RBG CS,2018-01-11 04:00:00,2018,1,11,4,8.7,6.1,6,0.0,100.26,84.0,
HAMILTON RBG CS,2018-01-11 06:00:00,2018,1,11,6,8.8,5.5,10,0.0,100.28,80.0,
HAMILTON RBG CS,2018-01-11 07:00:00,2018,1,11,7,9.3,6.2,9,0.0,100.27,81.0,
HAMILTON RBG CS,2018-01-11 08:00:00,2018,1,11,8,9.4,6.4,11,0.0,100.31,82.0,
HAMILTON RBG CS,2018-01-11 09:00:00,2018,1,11,9,9.7,6.8,10,0.0,100.32,82.0,
HAMILTON RBG CS,2018-01-11 10:00:00,2018,1,11,10,10.2,6.7,12,0.0,100.34,79.0,
HAMILTON RBG CS,2018-01-11 11:00:00,2018,1,11,11,10.9,6.9,9,0.0,100.33,76.0,
HAMILTON RBG CS,2018-01-11 12:00:00,2018,1,11,12,12.1,7.0,13,0.0,100.24,71.0,
HAMILTON RBG CS,2018-01-11 13:00:00,2018,1,11,13,12.3,7.5,13,0.0,100.12,73.0,
HAMILTON RBG CS,2018-01-11 14:00:00,2018,1,11,14,13.2,8.4,6,0.0,100.05,73.0,
HAMILTON RBG CS,2018-01-11 15:00:00,2018,1,11,15,12.5,8.4,7,0.0,100.0,76.0,
HAMILTON RBG CS,2018-01-11 17:00:00,2018,1,11,17,11.1,10.8,7,1.2,99.93,98.0,
HAMILTON RBG CS,2018-01-11 18:00:00,2018,1,11,18,11.2,11.2,5,2.4,99.92,100.0,
HAMILTON RBG CS,2018-01-11 19:00:00,2018,1,11,19,11.0,11.0,5,2.2,99.83,100.0,
HAMILTON RBG CS,2018-01-11 21:00:00,2018,1,11,21,10.4,10.3,10,0.8,99.73,99.0,
HAMILTON RBG CS,2018-01-11 22:00:00,2018,1,11,22,10.9,10.9,10,1.4,99.65,100.0,
HAMILTON RBG CS,2018-01-11 23:00:00,2018,1,11,23,11.2,10.9,9,0.2,99.57,99.0,
HAMILTON RBG CS,2018-01-12 00:00:00,2018,1,12,0,11.6,11.3,10,0.4,99.5,98.0,
HAMILTON RBG CS,2018-01-12 03:00:00,2018,1,12,3,12.6,12.2,8,0.0,99.26,97.0,
HAMILTON RBG CS,2018-01-12 18:00:00,2018,1,12,18,-6.0,-7.0,7,0.0,100.24,93.0,-9.0
HAMILTON RBG CS,2018-01-12 01:00:00,2018,1,12,1,12.1,11.8,11,0.0,99.37,98.0,
HAMILTON RBG CS,2018-01-12 02:00:00,2018,1,12,2,12.7,12.2,11,0.0,99.28,97.0,
HAMILTON RBG CS,2018-01-12 04:00:00,2018,1,12,4,12.5,12.1,7,0.0,99.2,97.0,
HAMILTON RBG CS,2018-01-12 05:00:00,2018,1,12,5,12.3,11.9,6,0.0,99.14,98.0,
HAMILTON RBG CS,2018-01-12 06:00:00,2018,1,12,6,12.2,12.2,6,0.4,99.05,100.0,
HAMILTON RBG CS,2018-01-12 07:00:00,2018,1,12,7,12.0,12.0,8,3.0,99.02,100.0,
HAMILTON RBG CS,2018-01-12 08:00:00,2018,1,12,8,11.6,11.6,3,2.6,99.0,100.0,
HAMILTON RBG CS,2018-01-12 09:00:00,2018,1,12,9,10.5,10.5,9,0.0,99.03,100.0,
HAMILTON RBG CS,2018-01-12 10:00:00,2018,1,12,10,4.5,4.0,13,1.2,99.18,96.0,
HAMILTON RBG CS,2018-01-12 11:00:00,2018,1,12,11,3.1,2.5,6,2.2,99.29,96.0,
HAMILTON RBG CS,2018-01-12 12:00:00,2018,1,12,12,2.9,2.1,8,1.6,99.39,95.0,
HAMILTON RBG CS,2018-01-12 13:00:00,2018,1,12,13,2.0,1.1,8,1.6,99.38,93.0,
HAMILTON RBG CS,2018-01-12 14:00:00,2018,1,12,14,0.5,-0.4,11,1.2,99.64,93.0,
HAMILTON RBG CS,2018-01-12 15:00:00,2018,1,12,15,-2.7,-2.7,11,0.0,99.74,100.0,-7.0
HAMILTON RBG CS,2018-01-12 16:00:00,2018,1,12,16,-4.8,-5.6,9,0.0,99.96,94.0,-9.0
HAMILTON RBG CS,2018-01-12 17:00:00,2018,1,12,17,-6.0,-6.2,10,0.0,100.1,98.0,-10.0
HAMILTON RBG CS,2018-01-12 19:00:00,2018,1,12,19,-6.4,-9.0,12,0.0,100.31,82.0,-12.0
HAMILTON RBG CS,2018-01-12 20:00:00,2018,1,12,20,-6.8,-9.7,7,0.0,100.43,80.0,-10.0
HAMILTON RBG CS,2018-01-12 21:00:00,2018,1,12,21,-7.5,-10.3,9,0.0,100.38,80.0,-12.0
HAMILTON RBG CS,2018-01-12 22:00:00,2018,1,12,22,-7.7,-11.2,9,0.0,100.41,76.0,-12.0
HAMILTON RBG CS,2018-01-12 23:00:00,2018,1,12,23,-8.3,-12.4,12,0.0,100.52,72.0,-14.0
HAMILTON RBG CS,2018-01-13 03:00:00,2018,1,13,3,-10.0,-14.7,11,0.0,100.55,68.0,-16.0
HAMILTON RBG CS,2018-01-13 22:00:00,2018,1,13,22,-15.5,-17.4,0,0.0,102.26,85.0,
HAMILTON RBG CS,2018-01-13 00:00:00,2018,1,13,0,-8.6,-12.6,11,0.0,100.46,72.0,-14.0
HAMILTON RBG CS,2018-01-13 01:00:00,2018,1,13,1,-9.1,-13.1,10,0.0,100.37,73.0,-14.0
HAMILTON RBG CS,2018-01-13 02:00:00,2018,1,13,2,-9.5,-14.0,15,0.0,100.49,70.0,-16.0
HAMILTON RBG CS,2018-01-13 04:00:00,2018,1,13,4,-10.2,-14.9,13,0.0,100.65,68.0,-16.0
HAMILTON RBG CS,2018-01-13 05:00:00,2018,1,13,5,-10.4,-15.7,12,0.0,100.73,65.0,-16.0
HAMILTON RBG CS,2018-01-13 06:00:00,2018,1,13,6,-10.9,-15.8,16,0.0,100.81,67.0,-18.0
HAMILTON RBG CS,2018-01-13 07:00:00,2018,1,13,7,-11.0,-16.4,10,0.0,101.0,64.0,-16.0
HAMILTON RBG CS,2018-01-13 08:00:00,2018,1,13,8,-11.5,-17.3,7,0.0,101.11,62.0,-16.0
HAMILTON RBG CS,2018-01-13 09:00:00,2018,1,13,9,-11.9,-16.1,10,0.0,101.29,71.0,-18.0
HAMILTON RBG CS,2018-01-13 10:00:00,2018,1,13,10,-11.3,-17.0,11,0.0,101.38,62.0,-17.0
HAMILTON RBG CS,2018-01-13 11:00:00,2018,1,13,11,-10.6,-17.3,10,0.0,101.44,58.0,-16.0
HAMILTON RBG CS,2018-01-13 12:00:00,2018,1,13,12,-10.4,-17.1,12,0.0,101.48,58.0,-16.0
HAMILTON RBG CS,2018-01-13 13:00:00,2018,1,13,13,-10.0,-17.9,13,0.0,101.47,53.0,-16.0
HAMILTON RBG CS,2018-01-13 14:00:00,2018,1,13,14,-9.9,-17.7,12,0.0,101.52,53.0,-16.0
HAMILTON RBG CS,2018-01-13 15:00:00,2018,1,13,15,-9.9,-17.3,11,0.0,101.61,55.0,-15.0
HAMILTON RBG CS,2018-01-13 16:00:00,2018,1,13,16,-10.5,-16.6,12,0.0,101.73,61.0,-17.0
HAMILTON RBG CS,2018-01-13 17:00:00,2018,1,13,17,-11.2,-17.3,8,0.0,101.85,61.0,-16.0
HAMILTON RBG CS,2018-01-13 18:00:00,2018,1,13,18,-12.0,-18.2,8,0.0,101.93,60.0,-17.0
HAMILTON RBG CS,2018-01-13 19:00:00,2018,1,13,19,-12.8,-18.2,5,0.0,102.02,64.0,-16.0
HAMILTON RBG CS,2018-01-13 20:00:00,2018,1,13,20,-13.7,-17.8,0,0.0,102.12,71.0,
HAMILTON RBG CS,2018-01-13 21:00:00,2018,1,13,21,-14.9,-17.6,0,0.0,102.18,80.0,
HAMILTON RBG CS,2018-01-13 23:00:00,2018,1,13,23,-15.5,-17.1,4,0.0,102.29,88.0,-18.0
HAMILTON RBG CS,2018-01-14 06:00:00,2018,1,14,6,-15.1,-15.7,3,0.0,102.48,95.0,-17.0
HAMILTON RBG CS,2018-01-14 07:00:00,2018,1,14,7,-15.3,-15.6,4,0.0,102.52,98.0,-18.0
HAMILTON RBG CS,2018-01-14 00:00:00,2018,1,14,0,-15.6,-16.7,3,0.0,102.31,91.0,-18.0
HAMILTON RBG CS,2018-01-14 01:00:00,2018,1,14,1,-15.8,-17.0,5,0.0,102.31,90.0,-20.0
HAMILTON RBG CS,2018-01-14 02:00:00,2018,1,14,2,-15.6,-16.8,5,0.0,102.35,90.0,-19.0
HAMILTON RBG CS,2018-01-14 03:00:00,2018,1,14,3,-15.6,-16.7,4,0.0,102.41,91.0,-19.0
HAMILTON RBG CS,2018-01-14 04:00:00,2018,1,14,4,-16.3,-17.1,5,0.0,102.41,94.0,-20.0
HAMILTON RBG CS,2018-01-14 05:00:00,2018,1,14,5,-16.1,-16.9,0,0.0,102.44,94.0,
HAMILTON RBG CS,2018-01-14 08:00:00,2018,1,14,8,-14.6,-15.3,6,0.0,102.55,94.0,-19.0
HAMILTON RBG CS,2018-01-14 09:00:00,2018,1,14,9,-11.5,-13.3,4,0.0,102.6,87.0,-14.0
HAMILTON RBG CS,2018-01-14 10:00:00,2018,1,14,10,-9.2,-12.5,6,0.0,102.64,77.0,-13.0
HAMILTON RBG CS,2018-01-14 11:00:00,2018,1,14,11,-7.5,-12.8,8,0.0,102.66,66.0,-12.0
HAMILTON RBG CS,2018-01-14 12:00:00,2018,1,14,12,-6.2,-12.1,9,0.0,102.58,63.0,-10.0
HAMILTON RBG CS,2018-01-14 13:00:00,2018,1,14,13,-6.2,-13.5,8,1.0,102.54,56.0,-10.0
HAMILTON RBG CS,2018-01-14 14:00:00,2018,1,14,14,-5.5,-13.3,5,0.0,102.48,54.0,-8.0
HAMILTON RBG CS,2018-01-14 15:00:00,2018,1,14,15,-6.7,-14.7,8,0.2,102.47,53.0,-11.0
HAMILTON RBG CS,2018-01-14 16:00:00,2018,1,14,16,-6.9,-13.7,3,0.0,102.47,58.0,-8.0
HAMILTON RBG CS,2018-01-14 17:00:00,2018,1,14,17,-7.3,-13.2,3,0.0,102.44,63.0,-9.0
HAMILTON RBG CS,2018-01-14 18:00:00,2018,1,14,18,-8.5,-12.9,3,0.0,102.46,70.0,-10.0
HAMILTON RBG CS,2018-01-14 19:00:00,2018,1,14,19,-7.9,-12.3,3,0.0,102.47,71.0,-9.0
HAMILTON RBG CS,2018-01-14 20:00:00,2018,1,14,20,-8.2,-10.9,5,0.0,102.47,81.0,-11.0
HAMILTON RBG CS,2018-01-14 21:00:00,2018,1,14,21,-8.9,-10.9,0,0.0,102.44,86.0,
HAMILTON RBG CS,2018-01-14 22:00:00,2018,1,14,22,-8.5,-12.5,6,0.0,102.44,73.0,-12.0
HAMILTON RBG CS,2018-01-14 23:00:00,2018,1,14,23,-8.8,-13.2,7,0.0,102.44,71.0,-13.0
HAMILTON RBG CS,2018-01-15 21:00:00,2018,1,15,21,-6.2,-6.2,7,0.0,101.47,100.0,-10.0
HAMILTON RBG CS,2018-01-15 00:00:00,2018,1,15,0,-9.2,-13.0,6,0.0,102.4,74.0,-13.0
HAMILTON RBG CS,2018-01-15 01:00:00,2018,1,15,1,-9.5,-13.4,5,0.0,102.35,74.0,-12.0
HAMILTON RBG CS,2018-01-15 02:00:00,2018,1,15,2,-9.8,-13.9,5,0.0,102.31,72.0,-13.0
HAMILTON RBG CS,2018-01-15 03:00:00,2018,1,15,3,-10.1,-14.5,8,0.0,102.3,70.0,-15.0
HAMILTON RBG CS,2018-01-15 04:00:00,2018,1,15,4,-9.9,-15.1,11,0.0,102.24,66.0,-15.0
HAMILTON RBG CS,2018-01-15 05:00:00,2018,1,15,5,-9.8,-14.5,9,0.0,102.16,69.0,-15.0
HAMILTON RBG CS,2018-01-15 06:00:00,2018,1,15,6,-9.7,-14.8,10,0.0,102.17,66.0,-15.0
HAMILTON RBG CS,2018-01-15 07:00:00,2018,1,15,7,-9.3,-13.7,11,0.0,102.1,71.0,-15.0
HAMILTON RBG CS,2018-01-15 08:00:00,2018,1,15,8,-9.8,-14.3,10,0.0,102.05,70.0,-15.0
HAMILTON RBG CS,2018-01-15 09:00:00,2018,1,15,9,-10.1,-15.0,8,0.0,102.02,67.0,-15.0
HAMILTON RBG CS,2018-01-15 10:00:00,2018,1,15,10,-9.8,-14.5,6,0.0,102.02,68.0,-13.0
HAMILTON RBG CS,2018-01-15 11:00:00,2018,1,15,11,-9.4,-14.8,5,0.0,101.98,65.0,-12.0
HAMILTON RBG CS,2018-01-15 12:00:00,2018,1,15,12,-9.0,-14.0,6,0.0,101.85,67.0,-12.0
HAMILTON RBG CS,2018-01-15 13:00:00,2018,1,15,13,-8.8,-11.7,8,0.0,101.74,80.0,-13.0
HAMILTON RBG CS,2018-01-15 14:00:00,2018,1,15,14,-9.0,-10.0,10,0.0,101.66,93.0,-14.0
HAMILTON RBG CS,2018-01-15 15:00:00,2018,1,15,15,-8.4,-9.3,8,0.0,101.59,93.0,-13.0
HAMILTON RBG CS,2018-01-15 16:00:00,2018,1,15,16,-7.6,-8.9,6,0.0,101.57,91.0,-11.0
HAMILTON RBG CS,2018-01-15 17:00:00,2018,1,15,17,-7.2,-8.2,7,0.0,101.57,92.0,-11.0
HAMILTON RBG CS,2018-01-15 18:00:00,2018,1,15,18,-6.9,-7.4,8,0.0,101.54,96.0,-11.0
HAMILTON RBG CS,2018-01-15 19:00:00,2018,1,15,19,-6.6,-6.6,7,0.0,101.51,100.0,-10.0
HAMILTON RBG CS,2018-01-15 20:00:00,2018,1,15,20,-6.2,-6.2,7,0.0,101.49,100.0,-10.0
HAMILTON RBG CS,2018-01-15 22:00:00,2018,1,15,22,-6.1,-6.1,0,0.0,101.43,100.0,
HAMILTON RBG CS,2018-01-15 23:00:00,2018,1,15,23,-6.0,-6.0,3,0.0,101.38,100.0,-7.0
HAMILTON RBG CS,2018-01-16 00:00:00,2018,1,16,0,-5.8,-5.8,3,0.0,101.32,100.0,-7.0
HAMILTON RBG CS,2018-01-16 13:00:00,2018,1,16,13,-3.3,-7.7,5,3.6,101.49,72.0,-5.0
HAMILTON RBG CS,2018-01-16 01:00:00,2018,1,16,1,-5.7,-5.7,3,0.0,101.3,100.0,-7.0
HAMILTON RBG CS,2018-01-16 02:00:00,2018,1,16,2,-5.6,-5.6,3,0.0,101.31,100.0,-7.0
HAMILTON RBG CS,2018-01-16 03:00:00,2018,1,16,3,-6.1,-6.1,0,0.0,101.34,100.0,
HAMILTON RBG CS,2018-01-16 04:00:00,2018,1,16,4,-7.0,-7.2,0,0.0,101.36,99.0,
HAMILTON RBG CS,2018-01-16 05:00:00,2018,1,16,5,-7.1,-7.4,0,0.0,101.39,98.0,
HAMILTON RBG CS,2018-01-16 06:00:00,2018,1,16,6,-7.7,-7.8,3,0.0,101.43,99.0,-9.0
HAMILTON RBG CS,2018-01-16 07:00:00,2018,1,16,7,-9.0,-9.1,3,0.0,101.46,99.0,-11.0
HAMILTON RBG CS,2018-01-16 08:00:00,2018,1,16,8,-8.8,-8.8,3,0.0,101.51,100.0,-10.0
HAMILTON RBG CS,2018-01-16 09:00:00,2018,1,16,9,-5.8,-6.3,3,0.0,101.55,96.0,-7.0
HAMILTON RBG CS,2018-01-16 10:00:00,2018,1,16,10,-4.0,-6.6,8,0.0,101.6,82.0,-7.0
HAMILTON RBG CS,2018-01-16 11:00:00,2018,1,16,11,-4.1,-6.4,8,0.0,101.62,84.0,-8.0
HAMILTON RBG CS,2018-01-16 12:00:00,2018,1,16,12,-3.6,-7.3,10,0.2,101.54,76.0,-8.0
HAMILTON RBG CS,2018-01-16 14:00:00,2018,1,16,14,-3.4,-6.9,8,0.4,101.49,77.0,-7.0
HAMILTON RBG CS,2018-01-16 15:00:00,2018,1,16,15,-3.6,-6.5,8,0.2,101.5,81.0,-7.0
HAMILTON RBG CS,2018-01-16 16:00:00,2018,1,16,16,-4.6,-7.5,6,0.0,101.49,80.0,-7.0
HAMILTON RBG CS,2018-01-16 17:00:00,2018,1,16,17,-5.5,-7.9,7,0.0,101.56,83.0,-9.0
HAMILTON RBG CS,2018-01-16 18:00:00,2018,1,16,18,-6.4,-8.5,6,0.0,101.59,85.0,-9.0
HAMILTON RBG CS,2018-01-16 19:00:00,2018,1,16,19,-7.4,-9.4,12,0.0,101.66,86.0,-13.0
HAMILTON RBG CS,2018-01-16 20:00:00,2018,1,16,20,-8.5,-10.5,9,0.0,101.7,86.0,-13.0
HAMILTON RBG CS,2018-01-16 21:00:00,2018,1,16,21,-10.4,-13.2,5,0.0,101.68,80.0,-13.0
HAMILTON RBG CS,2018-01-16 22:00:00,2018,1,16,22,-11.6,-13.4,4,0.0,101.7,87.0,-14.0
HAMILTON RBG CS,2018-01-16 23:00:00,2018,1,16,23,-11.8,-12.8,4,0.0,101.69,92.0,-14.0
HAMILTON RBG CS,2018-01-17 07:00:00,2018,1,17,7,-11.1,-12.2,6,0.0,101.67,91.0,-15.0
HAMILTON RBG CS,2018-01-17 00:00:00,2018,1,17,0,-11.0,-12.0,4,0.0,101.66,92.0,-13.0
HAMILTON RBG CS,2018-01-17 01:00:00,2018,1,17,1,-10.4,-11.5,8,0.0,101.62,92.0,-15.0
HAMILTON RBG CS,2018-01-17 02:00:00,2018,1,17,2,-10.0,-11.1,8,0.0,101.63,91.0,-14.0
HAMILTON RBG CS,2018-01-17 03:00:00,2018,1,17,3,-9.9,-10.9,7,0.0,101.67,93.0,-14.0
HAMILTON RBG CS,2018-01-17 04:00:00,2018,1,17,4,-10.1,-11.4,9,0.0,101.65,90.0,-15.0
HAMILTON RBG CS,2018-01-17 05:00:00,2018,1,17,5,-10.4,-11.7,7,0.0,101.64,90.0,-14.0
HAMILTON RBG CS,2018-01-17 06:00:00,2018,1,17,6,-10.3,-11.6,6,0.0,101.67,90.0,-14.0
HAMILTON RBG CS,2018-01-17 08:00:00,2018,1,17,8,-12.1,-13.1,6,0.0,101.65,92.0,-16.0
HAMILTON RBG CS,2018-01-17 09:00:00,2018,1,17,9,-11.4,-13.0,9,0.0,101.66,87.0,-17.0
HAMILTON RBG CS,2018-01-17 10:00:00,2018,1,17,10,-9.6,-12.5,13,0.0,101.72,79.0,-16.0
HAMILTON RBG CS,2018-01-17 11:00:00,2018,1,17,11,-8.4,-12.6,14,0.0,101.66,72.0,-15.0
HAMILTON RBG CS,2018-01-17 12:00:00,2018,1,17,12,-6.6,-11.1,13,0.0,101.54,70.0,-12.0
HAMILTON RBG CS,2018-01-17 13:00:00,2018,1,17,13,-6.2,-11.8,13,0.0,101.44,65.0,-12.0
HAMILTON RBG CS,2018-01-17 14:00:00,2018,1,17,14,-6.3,-11.7,11,0.0,101.35,65.0,-11.0
HAMILTON RBG CS,2018-01-17 15:00:00,2018,1,17,15,-5.8,-11.8,12,0.0,101.3,63.0,-11.0
HAMILTON RBG CS,2018-01-17 16:00:00,2018,1,17,16,-6.0,-11.4,13,0.0,101.24,66.0,-11.0
HAMILTON RBG CS,2018-01-17 17:00:00,2018,1,17,17,-6.7,-10.7,12,0.0,101.16,73.0,-12.0
HAMILTON RBG CS,2018-01-17 18:00:00,2018,1,17,18,-7.4,-10.5,11,0.0,101.12,78.0,-12.0
HAMILTON RBG CS,2018-01-17 19:00:00,2018,1,17,19,-7.1,-8.8,14,0.0,101.01,88.0,-13.0
HAMILTON RBG CS,2018-01-17 20:00:00,2018,1,17,20,-6.1,-7.9,15,0.0,100.92,87.0,-12.0
HAMILTON RBG CS,2018-01-17 21:00:00,2018,1,17,21,-6.1,-7.9,14,0.0,100.8,87.0,-12.0
HAMILTON RBG CS,2018-01-17 22:00:00,2018,1,17,22,-6.4,-8.2,15,0.0,100.72,88.0,-12.0
HAMILTON RBG CS,2018-01-17 23:00:00,2018,1,17,23,-6.4,-8.3,15,0.0,100.63,87.0,-12.0
HAMILTON RBG CS,2018-01-18 06:00:00,2018,1,18,6,-7.5,-11.2,14,0.0,100.46,75.0,-13.0
HAMILTON RBG CS,2018-01-18 11:00:00,2018,1,18,11,-6.0,-8.8,10,0.0,100.53,81.0,-10.0
HAMILTON RBG CS,2018-01-18 00:00:00,2018,1,18,0,-6.9,-8.8,14,0.0,100.58,86.0,-13.0
HAMILTON RBG CS,2018-01-18 01:00:00,2018,1,18,1,-7.3,-9.2,12,0.0,100.53,86.0,-13.0
HAMILTON RBG CS,2018-01-18 02:00:00,2018,1,18,2,-7.4,-9.2,11,0.0,100.5,87.0,-12.0
HAMILTON RBG CS,2018-01-18 03:00:00,2018,1,18,3,-7.5,-9.4,11,0.0,100.52,86.0,-13.0
HAMILTON RBG CS,2018-01-18 04:00:00,2018,1,18,4,-7.8,-10.2,8,0.0,100.49,83.0,-12.0
HAMILTON RBG CS,2018-01-18 05:00:00,2018,1,18,5,-7.7,-11.3,9,0.0,100.46,76.0,-12.0
HAMILTON RBG CS,2018-01-18 07:00:00,2018,1,18,7,-7.5,-11.0,14,0.0,100.46,76.0,-13.0
HAMILTON RBG CS,2018-01-18 08:00:00,2018,1,18,8,-7.5,-10.5,10,0.0,100.49,79.0,-12.0
HAMILTON RBG CS,2018-01-18 09:00:00,2018,1,18,9,-7.2,-9.9,10,0.0,100.5,81.0,-12.0
HAMILTON RBG CS,2018-01-18 10:00:00,2018,1,18,10,-6.7,-9.2,10,0.0,100.52,82.0,-11.0
HAMILTON RBG CS,2018-01-18 12:00:00,2018,1,18,12,-5.5,-8.5,13,0.0,100.48,79.0,-11.0
HAMILTON RBG CS,2018-01-18 13:00:00,2018,1,18,13,-5.1,-8.2,14,0.0,100.42,79.0,-10.0
HAMILTON RBG CS,2018-01-18 14:00:00,2018,1,18,14,-4.6,-7.7,14,0.0,100.38,79.0,-10.0
HAMILTON RBG CS,2018-01-18 15:00:00,2018,1,18,15,-4.6,-7.6,12,0.0,100.33,79.0,-9.0
HAMILTON RBG CS,2018-01-18 16:00:00,2018,1,18,16,-4.9,-7.4,10,0.0,100.32,83.0,-9.0
HAMILTON RBG CS,2018-01-18 17:00:00,2018,1,18,17,-4.9,-7.4,14,0.0,100.32,83.0,-10.0
HAMILTON RBG CS,2018-01-18 18:00:00,2018,1,18,18,-4.8,-7.1,11,0.0,100.31,84.0,-9.0
HAMILTON RBG CS,2018-01-18 19:00:00,2018,1,18,19,-4.2,-6.4,13,0.0,100.26,84.0,-9.0
HAMILTON RBG CS,2018-01-18 20:00:00,2018,1,18,20,-3.9,-6.3,10,0.0,100.14,83.0,-8.0
HAMILTON RBG CS,2018-01-18 21:00:00,2018,1,18,21,-3.4,-6.0,13,0.0,100.09,82.0,-8.0
HAMILTON RBG CS,2018-01-18 22:00:00,2018,1,18,22,-3.0,-6.0,12,0.0,100.05,80.0,-7.0
HAMILTON RBG CS,2018-01-18 23:00:00,2018,1,18,23,-3.1,-6.1,14,0.0,100.07,80.0,-8.0
HAMILTON RBG CS,2018-01-19 11:00:00,2018,1,19,11,-0.6,-5.2,14,0.0,100.08,71.0,-5.0
HAMILTON RBG CS,2018-01-19 00:00:00,2018,1,19,0,-3.3,-6.5,11,0.0,100.01,78.0,-8.0
HAMILTON RBG CS,2018-01-19 01:00:00,2018,1,19,1,-3.2,-6.6,13,0.0,100.01,78.0,-8.0
HAMILTON RBG CS,2018-01-19 02:00:00,2018,1,19,2,-3.3,-7.2,11,0.0,100.01,75.0,-8.0
HAMILTON RBG CS,2018-01-19 03:00:00,2018,1,19,3,-3.4,-7.4,10,0.0,100.05,74.0,-7.0
HAMILTON RBG CS,2018-01-19 04:00:00,2018,1,19,4,-3.5,-7.3,10,0.0,100.07,75.0,-7.0
HAMILTON RBG CS,2018-01-19 05:00:00,2018,1,19,5,-3.5,-7.1,10,0.0,100.09,76.0,-7.0
HAMILTON RBG CS,2018-01-19 06:00:00,2018,1,19,6,-3.1,-6.8,10,0.0,100.07,76.0,-7.0
HAMILTON RBG CS,2018-01-19 07:00:00,2018,1,19,7,-3.1,-6.5,10,0.0,100.12,77.0,-7.0
HAMILTON RBG CS,2018-01-19 08:00:00,2018,1,19,8,-3.4,-6.2,7,0.0,100.1,81.0,-6.0
HAMILTON RBG CS,2018-01-19 09:00:00,2018,1,19,9,-2.7,-6.0,12,0.0,100.1,78.0,-7.0
HAMILTON RBG CS,2018-01-19 10:00:00,2018,1,19,10,-1.6,-5.8,12,0.0,100.08,73.0,-6.0
HAMILTON RBG CS,2018-01-19 12:00:00,2018,1,19,12,0.5,-5.3,15,0.6,99.98,65.0,
HAMILTON RBG CS,2018-01-19 13:00:00,2018,1,19,13,0.9,-4.6,13,0.0,99.87,67.0,
HAMILTON RBG CS,2018-01-19 14:00:00,2018,1,19,14,1.3,-4.1,15,0.0,99.78,67.0,
HAMILTON RBG CS,2018-01-19 15:00:00,2018,1,19,15,1.3,-4.3,16,0.0,99.75,66.0,
HAMILTON RBG CS,2018-01-19 16:00:00,2018,1,19,16,1.3,-4.3,18,0.0,99.7,66.0,
HAMILTON RBG CS,2018-01-19 17:00:00,2018,1,19,17,0.7,-4.8,16,0.0,99.7,66.0,
HAMILTON RBG CS,2018-01-19 18:00:00,2018,1,19,18,0.6,-4.8,14,0.0,99.66,67.0,
HAMILTON RBG CS,2018-01-19 19:00:00,2018,1,19,19,1.1,-4.5,17,0.0,99.61,66.0,
HAMILTON RBG CS,2018-01-19 20:00:00,2018,1,19,20,1.6,-4.5,18,0.0,99.59,64.0,
HAMILTON RBG CS,2018-01-19 21:00:00,2018,1,19,21,1.8,-4.2,14,0.0,99.48,64.0,
HAMILTON RBG CS,2018-01-19 22:00:00,2018,1,19,22,2.4,-4.0,14,0.0,99.43,63.0,
HAMILTON RBG CS,2018-01-19 23:00:00,2018,1,19,23,2.8,-3.9,16,0.0,99.32,61.0,
HAMILTON RBG CS,2018-01-20 04:00:00,2018,1,20,4,2.1,-1.9,17,0.0,99.28,75.0,
HAMILTON RBG CS,2018-01-20 00:00:00,2018,1,20,0,2.9,-3.7,17,0.0,99.25,61.0,
HAMILTON RBG CS,2018-01-20 01:00:00,2018,1,20,1,2.8,-3.3,19,0.0,99.23,64.0,
HAMILTON RBG CS,2018-01-20 02:00:00,2018,1,20,2,2.3,-2.5,20,0.0,99.19,71.0,
HAMILTON RBG CS,2018-01-20 03:00:00,2018,1,20,3,2.1,-2.1,16,0.0,99.22,73.0,
HAMILTON RBG CS,2018-01-20 05:00:00,2018,1,20,5,2.0,-1.8,18,0.0,99.35,76.0,
HAMILTON RBG CS,2018-01-20 06:00:00,2018,1,20,6,1.7,-1.8,12,0.0,99.48,78.0,
HAMILTON RBG CS,2018-01-20 07:00:00,2018,1,20,7,1.3,-1.8,10,0.0,99.59,80.0,
HAMILTON RBG CS,2018-01-20 08:00:00,2018,1,20,8,1.5,-1.7,10,0.0,99.66,79.0,
HAMILTON RBG CS,2018-01-20 09:00:00,2018,1,20,9,2.0,-1.6,11,0.0,99.77,77.0,
HAMILTON RBG CS,2018-01-20 10:00:00,2018,1,20,10,2.7,-1.4,13,0.0,99.84,74.0,
HAMILTON RBG CS,2018-01-20 11:00:00,2018,1,20,11,3.2,-1.4,13,0.0,99.91,72.0,
HAMILTON RBG CS,2018-01-20 12:00:00,2018,1,20,12,3.7,-1.2,12,0.0,99.93,70.0,
HAMILTON RBG CS,2018-01-20 13:00:00,2018,1,20,13,5.2,-0.8,12,0.0,99.89,65.0,
HAMILTON RBG CS,2018-01-20 14:00:00,2018,1,20,14,5.5,-0.3,15,0.0,99.92,66.0,
HAMILTON RBG CS,2018-01-20 15:00:00,2018,1,20,15,5.4,-0.2,14,0.0,99.98,67.0,
HAMILTON RBG CS,2018-01-20 16:00:00,2018,1,20,16,4.9,-0.2,12,0.0,100.06,69.0,
HAMILTON RBG CS,2018-01-20 17:00:00,2018,1,20,17,3.8,-0.2,11,0.0,100.18,75.0,
HAMILTON RBG CS,2018-01-20 18:00:00,2018,1,20,18,2.7,-0.3,9,0.0,100.22,81.0,
HAMILTON RBG CS,2018-01-20 19:00:00,2018,1,20,19,1.7,-0.5,8,0.0,100.27,86.0,
HAMILTON RBG CS,2018-01-20 20:00:00,2018,1,20,20,0.9,-0.7,7,0.0,100.35,89.0,
HAMILTON RBG CS,2018-01-20 21:00:00,2018,1,20,21,0.5,-0.8,7,0.0,100.36,91.0,
HAMILTON RBG CS,2018-01-20 22:00:00,2018,1,20,22,0.4,-0.8,6,0.0,100.38,92.0,
HAMILTON RBG CS,2018-01-20 23:00:00,2018,1,20,23,0.2,-0.7,6,0.0,100.38,93.0,
HAMILTON RBG CS,2018-01-21 00:00:00,2018,1,21,0,-0.2,-0.9,0,0.0,100.47,95.0,
HAMILTON RBG CS,2018-01-21 01:00:00,2018,1,21,1,-1.5,-1.7,0,0.0,100.47,99.0,
HAMILTON RBG CS,2018-01-21 02:00:00,2018,1,21,2,-2.7,-2.7,0,0.0,100.55,100.0,
HAMILTON RBG CS,2018-01-21 03:00:00,2018,1,21,3,-2.6,-2.6,4,0.0,100.57,100.0,-4.0
HAMILTON RBG CS,2018-01-21 04:00:00,2018,1,21,4,-1.7,-1.7,5,0.0,100.57,100.0,-4.0
HAMILTON RBG CS,2018-01-21 05:00:00,2018,1,21,5,-2.3,-2.3,3,0.0,100.56,100.0,-3.0
HAMILTON RBG CS,2018-01-21 06:00:00,2018,1,21,6,-2.1,,5,0.0,100.62,,-4.0
HAMILTON RBG CS,2018-01-21 07:00:00,2018,1,21,7,-1.5,-1.5,5,0.0,100.64,100.0,-3.0
HAMILTON RBG CS,2018-01-21 08:00:00,2018,1,21,8,-1.7,-1.7,4,0.0,100.66,100.0,-3.0
HAMILTON RBG CS,2018-01-21 09:00:00,2018,1,21,9,-0.5,-0.5,4,0.0,100.68,100.0,-2.0
HAMILTON RBG CS,2018-01-21 10:00:00,2018,1,21,10,1.6,0.1,3,0.0,100.7,90.0,
HAMILTON RBG CS,2018-01-21 11:00:00,2018,1,21,11,1.8,0.8,8,0.0,100.7,93.0,
HAMILTON RBG CS,2018-01-21 12:00:00,2018,1,21,12,2.4,1.3,6,0.0,100.61,92.0,
HAMILTON RBG CS,2018-01-21 13:00:00,2018,1,21,13,3.5,1.5,6,0.0,100.52,87.0,
HAMILTON RBG CS,2018-01-21 14:00:00,2018,1,21,14,4.0,1.8,0,0.0,100.47,86.0,
HAMILTON RBG CS,2018-01-21 15:00:00,2018,1,21,15,3.9,2.0,0,0.0,100.48,87.0,
HAMILTON RBG CS,2018-01-21 16:00:00,2018,1,21,16,2.9,1.8,0,0.0,100.54,93.0,
HAMILTON RBG CS,2018-01-21 17:00:00,2018,1,21,17,2.4,1.9,0,0.0,100.55,97.0,
HAMILTON RBG CS,2018-01-21 18:00:00,2018,1,21,18,2.2,1.9,3,0.0,100.56,98.0,
HAMILTON RBG CS,2018-01-21 19:00:00,2018,1,21,19,2.0,2.0,3,0.0,100.55,100.0,
HAMILTON RBG CS,2018-01-21 20:00:00,2018,1,21,20,2.1,2.1,0,0.0,100.55,100.0,
HAMILTON RBG CS,2018-01-21 21:00:00,2018,1,21,21,1.8,1.8,0,0.2,100.55,100.0,
HAMILTON RBG CS,2018-01-21 22:00:00,2018,1,21,22,2.0,,0,0.2,100.55,,
HAMILTON RBG CS,2018-01-21 23:00:00,2018,1,21,23,1.8,,0,0.4,100.54,,
HAMILTON RBG CS,2018-01-22 16:00:00,2018,1,22,16,2.4,,10,0.2,99.8,,
HAMILTON RBG CS,2018-01-22 00:00:00,2018,1,22,0,1.6,,0,0.0,100.53,,
HAMILTON RBG CS,2018-01-22 01:00:00,2018,1,22,1,1.6,,0,0.2,100.52,,
HAMILTON RBG CS,2018-01-22 02:00:00,2018,1,22,2,1.3,,0,0.0,100.48,,
HAMILTON RBG CS,2018-01-22 03:00:00,2018,1,22,3,2.2,,4,0.0,100.49,,
HAMILTON RBG CS,2018-01-22 04:00:00,2018,1,22,4,2.4,,10,0.0,100.45,,
HAMILTON RBG CS,2018-01-22 05:00:00,2018,1,22,5,2.3,,8,0.2,100.48,,
HAMILTON RBG CS,2018-01-22 06:00:00,2018,1,22,6,2.3,,9,0.0,100.45,,
HAMILTON RBG CS,2018-01-22 07:00:00,2018,1,22,7,2.5,,9,0.2,100.43,,
HAMILTON RBG CS,2018-01-22 08:00:00,2018,1,22,8,2.7,,8,0.2,100.41,,
HAMILTON RBG CS,2018-01-22 09:00:00,2018,1,22,9,2.8,,12,1.2,100.39,,
HAMILTON RBG CS,2018-01-22 10:00:00,2018,1,22,10,3.1,,11,1.4,100.37,,
HAMILTON RBG CS,2018-01-22 11:00:00,2018,1,22,11,2.7,,16,0.6,100.3,,
HAMILTON RBG CS,2018-01-22 12:00:00,2018,1,22,12,2.6,,12,0.6,100.19,,
HAMILTON RBG CS,2018-01-22 13:00:00,2018,1,22,13,2.5,,10,0.0,100.06,,
HAMILTON RBG CS,2018-01-22 14:00:00,2018,1,22,14,2.4,,10,0.0,99.93,,
HAMILTON RBG CS,2018-01-22 15:00:00,2018,1,22,15,2.4,,10,0.0,99.88,,
HAMILTON RBG CS,2018-01-22 17:00:00,2018,1,22,17,2.3,,12,0.0,99.76,,
HAMILTON RBG CS,2018-01-22 18:00:00,2018,1,22,18,2.2,,10,0.0,99.7,,
HAMILTON RBG CS,2018-01-22 19:00:00,2018,1,22,19,2.1,,9,0.0,99.68,,
HAMILTON RBG CS,2018-01-22 20:00:00,2018,1,22,20,2.0,,10,0.0,99.58,,
HAMILTON RBG CS,2018-01-22 21:00:00,2018,1,22,21,1.9,,13,0.8,99.46,,
HAMILTON RBG CS,2018-01-22 22:00:00,2018,1,22,22,1.9,,9,2.6,99.37,,
HAMILTON RBG CS,2018-01-22 23:00:00,2018,1,22,23,2.0,,9,2.2,99.21,,
HAMILTON RBG CS,2018-01-23 11:00:00,2018,1,23,11,6.3,,19,0.0,98.67,,
HAMILTON RBG CS,2018-01-23 00:00:00,2018,1,23,0,2.1,,6,1.8,99.07,,
HAMILTON RBG CS,2018-01-23 01:00:00,2018,1,23,1,2.2,,8,1.6,98.87,,
HAMILTON RBG CS,2018-01-23 02:00:00,2018,1,23,2,2.4,,7,0.0,98.74,,
HAMILTON RBG CS,2018-01-23 03:00:00,2018,1,23,3,2.6,,3,0.8,98.84,,
HAMILTON RBG CS,2018-01-23 04:00:00,2018,1,23,4,2.2,,0,2.6,98.73,,
HAMILTON RBG CS,2018-01-23 05:00:00,2018,1,23,5,1.9,,0,0.0,98.74,,
HAMILTON RBG CS,2018-01-23 06:00:00,2018,1,23,6,1.0,,0,0.0,98.67,,
HAMILTON RBG CS,2018-01-23 07:00:00,2018,1,23,7,2.2,,4,0.0,98.64,,
HAMILTON RBG CS,2018-01-23 08:00:00,2018,1,23,8,4.7,,6,0.0,98.61,,
HAMILTON RBG CS,2018-01-23 09:00:00,2018,1,23,9,5.5,,7,0.0,98.61,,
HAMILTON RBG CS,2018-01-23 10:00:00,2018,1,23,10,6.0,,15,0.2,98.64,,
HAMILTON RBG CS,2018-01-23 12:00:00,2018,1,23,12,5.6,,17,0.0,98.65,,
HAMILTON RBG CS,2018-01-23 13:00:00,2018,1,23,13,5.0,,20,0.0,98.67,,
HAMILTON RBG CS,2018-01-23 14:00:00,2018,1,23,14,4.4,,15,0.0,98.68,,
HAMILTON RBG CS,2018-01-23 15:00:00,2018,1,23,15,4.2,,15,0.0,98.71,,
HAMILTON RBG CS,2018-01-23 16:00:00,2018,1,23,16,3.9,,14,0.0,98.75,,
HAMILTON RBG CS,2018-01-23 17:00:00,2018,1,23,17,3.3,,13,0.0,98.82,,
HAMILTON RBG CS,2018-01-23 18:00:00,2018,1,23,18,3.0,,10,0.2,98.92,,
HAMILTON RBG CS,2018-01-23 19:00:00,2018,1,23,19,1.4,,18,0.0,99.12,,
HAMILTON RBG CS,2018-01-23 20:00:00,2018,1,23,20,-0.6,,17,0.0,99.36,,-6.0
HAMILTON RBG CS,2018-01-23 21:00:00,2018,1,23,21,-1.8,,26,0.0,99.53,,-8.0
HAMILTON RBG CS,2018-01-23 22:00:00,2018,1,23,22,-2.2,,22,0.0,99.66,,-8.0
HAMILTON RBG CS,2018-01-23 23:00:00,2018,1,23,23,-2.6,,17,0.0,99.79,,-8.0
HAMILTON RBG CS,2018-01-24 08:00:00,2018,1,24,8,-7.2,,11,0.0,100.83,,-12.0
HAMILTON RBG CS,2018-01-24 00:00:00,2018,1,24,0,-2.8,,16,0.0,99.87,,-8.0
HAMILTON RBG CS,2018-01-24 01:00:00,2018,1,24,1,-3.2,,18,0.0,99.99,,-9.0
HAMILTON RBG CS,2018-01-24 02:00:00,2018,1,24,2,-3.9,,14,0.0,100.1,,-9.0
HAMILTON RBG CS,2018-01-24 03:00:00,2018,1,24,3,-4.4,,14,0.0,100.26,,-10.0
HAMILTON RBG CS,2018-01-24 04:00:00,2018,1,24,4,-5.2,,11,0.0,100.32,,-10.0
HAMILTON RBG CS,2018-01-24 05:00:00,2018,1,24,5,-5.0,,13,0.0,100.47,,-10.0
HAMILTON RBG CS,2018-01-24 06:00:00,2018,1,24,6,-5.6,,16,0.0,100.59,,-12.0
HAMILTON RBG CS,2018-01-24 07:00:00,2018,1,24,7,-6.2,,14,0.0,100.73,,-12.0
HAMILTON RBG CS,2018-01-24 11:00:00,2018,1,24,11,-6.2,,8,0.0,101.02,,-10.0
HAMILTON RBG CS,2018-01-24 20:00:00,2018,1,24,20,-5.8,,3,0.0,101.27,,-7.0
HAMILTON RBG CS,2018-01-24 09:00:00,2018,1,24,9,-7.5,,12,0.0,100.93,,-13.0
HAMILTON RBG CS,2018-01-24 10:00:00,2018,1,24,10,-7.2,,10,0.0,100.99,,-12.0
HAMILTON RBG CS,2018-01-24 12:00:00,2018,1,24,12,-5.0,,6,0.0,100.94,,-8.0
HAMILTON RBG CS,2018-01-24 13:00:00,2018,1,24,13,-3.4,,4,0.0,100.88,,-5.0
HAMILTON RBG CS,2018-01-24 14:00:00,2018,1,24,14,-2.7,,6,0.0,100.86,,-5.0
HAMILTON RBG CS,2018-01-24 15:00:00,2018,1,24,15,-2.4,,3,0.0,100.89,,-4.0
HAMILTON RBG CS,2018-01-24 16:00:00,2018,1,24,16,-3.4,,4,0.0,100.97,,-5.0
HAMILTON RBG CS,2018-01-24 17:00:00,2018,1,24,17,-3.5,,3,0.0,101.03,,-5.0
HAMILTON RBG CS,2018-01-24 18:00:00,2018,1,24,18,-4.2,,5,0.0,101.13,,-6.0
HAMILTON RBG CS,2018-01-24 19:00:00,2018,1,24,19,-4.9,,7,0.0,101.21,,-8.0
HAMILTON RBG CS,2018-01-24 21:00:00,2018,1,24,21,-6.6,,5,0.0,101.32,,-9.0
HAMILTON RBG CS,2018-01-24 22:00:00,2018,1,24,22,-7.4,,3,0.0,101.36,,-9.0
HAMILTON RBG CS,2018-01-24 23:00:00,2018,1,24,23,-7.7,,5,0.0,101.4,,-10.0
HAMILTON RBG CS,2018-01-25 02:00:00,2018,1,25,2,-9.6,,0,0.0,101.57,,
HAMILTON RBG CS,2018-01-25 16:00:00,2018,1,25,16,-2.1,,7,0.0,101.84,,-5.0
HAMILTON RBG CS,2018-01-25 00:00:00,2018,1,25,0,-8.3,,3,0.0,101.44,,-10.0
HAMILTON RBG CS,2018-01-25 01:00:00,2018,1,25,1,-8.9,,5,0.0,101.5,,-12.0
HAMILTON RBG CS,2018-01-25 03:00:00,2018,1,25,3,-10.2,,0,0.0,101.64,,
HAMILTON RBG CS,2018-01-25 04:00:00,2018,1,25,4,-10.8,,0,0.0,101.7,,
HAMILTON RBG CS,2018-01-25 05:00:00,2018,1,25,5,-10.8,,0,0.0,101.75,,
HAMILTON RBG CS,2018-01-25 06:00:00,2018,1,25,6,-11.5,,0,0.0,101.81,,
HAMILTON RBG CS,2018-01-25 07:00:00,2018,1,25,7,-12.0,,0,0.0,101.87,,
HAMILTON RBG CS,2018-01-25 08:00:00,2018,1,25,8,-11.3,,4,0.0,101.93,,-14.0
HAMILTON RBG CS,2018-01-25 09:00:00,2018,1,25,9,-9.1,,4,0.0,101.99,,-11.0
HAMILTON RBG CS,2018-01-25 10:00:00,2018,1,25,10,-6.5,,3,0.0,101.99,,-8.0
HAMILTON RBG CS,2018-01-25 11:00:00,2018,1,25,11,-4.8,,6,0.0,101.99,,-8.0
HAMILTON RBG CS,2018-01-25 12:00:00,2018,1,25,12,-3.7,,8,0.0,101.92,,-7.0
HAMILTON RBG CS,2018-01-25 13:00:00,2018,1,25,13,-3.1,,8,0.0,101.9,,-6.0
HAMILTON RBG CS,2018-01-25 14:00:00,2018,1,25,14,-2.7,,8,0.0,101.85,,-6.0
HAMILTON RBG CS,2018-01-25 15:00:00,2018,1,25,15,-2.5,,9,0.0,101.84,,-6.0
HAMILTON RBG CS,2018-01-25 17:00:00,2018,1,25,17,-2.6,,6,0.0,101.88,,-5.0
HAMILTON RBG CS,2018-01-25 18:00:00,2018,1,25,18,-2.5,,4,0.0,101.92,,-4.0
HAMILTON RBG CS,2018-01-25 19:00:00,2018,1,25,19,-2.5,,0,0.0,101.98,,
HAMILTON RBG CS,2018-01-25 20:00:00,2018,1,25,20,-2.3,,5,0.0,101.99,,-4.0
HAMILTON RBG CS,2018-01-25 21:00:00,2018,1,25,21,-2.2,,3,0.0,102.01,,-3.0
HAMILTON RBG CS,2018-01-25 22:00:00,2018,1,25,22,-2.2,,0,0.0,102.01,,
HAMILTON RBG CS,2018-01-25 23:00:00,2018,1,25,23,-2.4,,0,0.0,102.03,,
HAMILTON RBG CS,2018-01-26 00:00:00,2018,1,26,0,-2.3,,0,0.0,102.04,,
HAMILTON RBG CS,2018-01-26 01:00:00,2018,1,26,1,-1.8,,0,0.0,102.01,,
HAMILTON RBG CS,2018-01-26 02:00:00,2018,1,26,2,-2.5,,0,0.0,102.0,,
HAMILTON RBG CS,2018-01-26 03:00:00,2018,1,26,3,-3.0,,0,0.0,101.98,,
HAMILTON RBG CS,2018-01-26 04:00:00,2018,1,26,4,-4.4,,0,0.0,101.93,,
HAMILTON RBG CS,2018-01-26 05:00:00,2018,1,26,5,-5.2,,3,0.0,101.9,,-7.0
HAMILTON RBG CS,2018-01-26 06:00:00,2018,1,26,6,-4.5,,5,0.0,101.91,,-7.0
HAMILTON RBG CS,2018-01-26 07:00:00,2018,1,26,7,-5.6,,4,0.0,101.91,,-7.0
HAMILTON RBG CS,2018-01-26 08:00:00,2018,1,26,8,-5.0,,5,0.0,101.88,,-7.0
HAMILTON RBG CS,2018-01-26 09:00:00,2018,1,26,9,-2.1,,0,0.0,101.87,,
HAMILTON RBG CS,2018-01-26 10:00:00,2018,1,26,10,-0.7,,5,0.0,101.82,,-2.0
HAMILTON RBG CS,2018-01-26 11:00:00,2018,1,26,11,0.0,,5,0.0,101.78,,-2.0
HAMILTON RBG CS,2018-01-26 12:00:00,2018,1,26,12,1.9,,5,0.0,101.64,,
HAMILTON RBG CS,2018-01-26 13:00:00,2018,1,26,13,2.6,,7,0.0,101.55,,
HAMILTON RBG CS,2018-01-26 14:00:00,2018,1,26,14,2.9,,7,0.0,101.43,,
HAMILTON RBG CS,2018-01-26 15:00:00,2018,1,26,15,4.4,,5,0.0,101.4,,
HAMILTON RBG CS,2018-01-26 16:00:00,2018,1,26,16,4.1,,4,0.0,101.34,,
HAMILTON RBG CS,2018-01-26 17:00:00,2018,1,26,17,3.1,,0,0.0,101.31,,
HAMILTON RBG CS,2018-01-26 18:00:00,2018,1,26,18,0.3,,0,0.0,101.27,,
HAMILTON RBG CS,2018-01-26 19:00:00,2018,1,26,19,-0.6,,0,0.0,101.24,,
HAMILTON RBG CS,2018-01-26 20:00:00,2018,1,26,20,-1.3,,0,0.0,101.2,,
HAMILTON RBG CS,2018-01-26 21:00:00,2018,1,26,21,3.8,,6,0.0,101.11,,
HAMILTON RBG CS,2018-01-26 22:00:00,2018,1,26,22,5.7,,6,0.0,101.02,,
HAMILTON RBG CS,2018-01-26 23:00:00,2018,1,26,23,6.0,,11,0.0,100.97,,
HAMILTON RBG CS,2018-01-27 09:00:00,2018,1,27,9,8.6,,15,0.0,100.55,,
HAMILTON RBG CS,2018-01-27 12:00:00,2018,1,27,12,9.7,,17,0.0,100.5,,
HAMILTON RBG CS,2018-01-27 13:00:00,2018,1,27,13,9.2,,21,0.0,100.43,,
HAMILTON RBG CS,2018-01-27 00:00:00,2018,1,27,0,6.9,,10,0.0,100.9,,
HAMILTON RBG CS,2018-01-27 01:00:00,2018,1,27,1,7.0,,9,0.0,100.82,,
HAMILTON RBG CS,2018-01-27 02:00:00,2018,1,27,2,7.3,,6,0.0,100.73,,
HAMILTON RBG CS,2018-01-27 03:00:00,2018,1,27,3,7.8,,7,0.0,100.72,,
HAMILTON RBG CS,2018-01-27 04:00:00,2018,1,27,4,7.2,,6,0.0,100.65,,
HAMILTON RBG CS,2018-01-27 05:00:00,2018,1,27,5,7.4,,8,0.0,100.61,,
HAMILTON RBG CS,2018-01-27 06:00:00,2018,1,27,6,8.4,,9,0.0,100.58,,
HAMILTON RBG CS,2018-01-27 07:00:00,2018,1,27,7,8.0,,15,0.0,100.57,,
HAMILTON RBG CS,2018-01-27 08:00:00,2018,1,27,8,8.1,,16,0.2,100.55,,
HAMILTON RBG CS,2018-01-27 10:00:00,2018,1,27,10,9.1,,16,0.0,100.54,,
HAMILTON RBG CS,2018-01-27 11:00:00,2018,1,27,11,10.1,,22,0.0,100.54,,
HAMILTON RBG CS,2018-01-27 14:00:00,2018,1,27,14,7.8,,15,0.0,100.37,,
HAMILTON RBG CS,2018-01-27 15:00:00,2018,1,27,15,6.7,,12,1.0,100.35,,
HAMILTON RBG CS,2018-01-27 16:00:00,2018,1,27,16,6.6,,12,1.6,100.37,,
HAMILTON RBG CS,2018-01-27 17:00:00,2018,1,27,17,6.7,,15,0.0,100.37,,
HAMILTON RBG CS,2018-01-27 18:00:00,2018,1,27,18,6.5,,12,0.0,100.42,,
HAMILTON RBG CS,2018-01-27 19:00:00,2018,1,27,19,6.3,,10,0.0,100.51,,
HAMILTON RBG CS,2018-01-27 20:00:00,2018,1,27,20,6.3,,12,0.0,100.62,,
HAMILTON RBG CS,2018-01-27 21:00:00,2018,1,27,21,5.5,,11,0.0,100.68,,
HAMILTON RBG CS,2018-01-27 22:00:00,2018,1,27,22,4.9,,10,0.0,100.76,,
HAMILTON RBG CS,2018-01-27 23:00:00,2018,1,27,23,3.7,,8,0.0,100.81,,
HAMILTON RBG CS,2018-01-28 04:00:00,2018,1,28,4,0.0,,5,0.0,100.99,,-2.0
HAMILTON RBG CS,2018-01-28 07:00:00,2018,1,28,7,-0.5,,6,0.0,101.13,,-3.0
HAMILTON RBG CS,2018-01-28 08:00:00,2018,1,28,8,-0.3,,7,0.0,101.17,,-3.0
HAMILTON RBG CS,2018-01-28 09:00:00,2018,1,28,9,1.3,,4,0.0,101.23,,
HAMILTON RBG CS,2018-01-28 12:00:00,2018,1,28,12,5.6,,9,0.0,101.27,,
HAMILTON RBG CS,2018-01-28 13:00:00,2018,1,28,13,6.5,,9,0.0,101.24,,
HAMILTON RBG CS,2018-01-28 00:00:00,2018,1,28,0,2.5,,6,0.0,100.85,,
HAMILTON RBG CS,2018-01-28 01:00:00,2018,1,28,1,1.9,,5,0.0,100.88,,
HAMILTON RBG CS,2018-01-28 02:00:00,2018,1,28,2,1.5,,7,0.0,100.94,,
HAMILTON RBG CS,2018-01-28 03:00:00,2018,1,28,3,0.4,,6,0.0,100.98,,
HAMILTON RBG CS,2018-01-28 05:00:00,2018,1,28,5,-0.4,,4,0.0,101.03,,-2.0
HAMILTON RBG CS,2018-01-28 06:00:00,2018,1,28,6,-0.3,,5,0.0,101.06,,-2.0
HAMILTON RBG CS,2018-01-28 10:00:00,2018,1,28,10,3.1,,7,0.0,101.25,,
HAMILTON RBG CS,2018-01-28 11:00:00,2018,1,28,11,4.3,,6,0.0,101.29,,
HAMILTON RBG CS,2018-01-28 14:00:00,2018,1,28,14,5.7,,11,0.0,101.21,,
HAMILTON RBG CS,2018-01-28 15:00:00,2018,1,28,15,5.1,,8,0.0,101.24,,
HAMILTON RBG CS,2018-01-28 16:00:00,2018,1,28,16,3.9,,7,0.0,101.27,,
HAMILTON RBG CS,2018-01-28 17:00:00,2018,1,28,17,3.1,,8,0.0,101.31,,
HAMILTON RBG CS,2018-01-28 18:00:00,2018,1,28,18,1.3,,5,0.0,101.37,,
HAMILTON RBG CS,2018-01-28 19:00:00,2018,1,28,19,-0.1,,3,0.0,101.44,,-1.0
HAMILTON RBG CS,2018-01-28 20:00:00,2018,1,28,20,-1.6,,0,0.0,101.51,,
HAMILTON RBG CS,2018-01-28 21:00:00,2018,1,28,21,-2.0,,0,0.0,101.53,,
HAMILTON RBG CS,2018-01-28 22:00:00,2018,1,28,22,-2.6,,0,0.0,101.51,,
HAMILTON RBG CS,2018-01-28 23:00:00,2018,1,28,23,-3.4,,0,0.0,101.5,,
HAMILTON RBG CS,2018-01-29 00:00:00,2018,1,29,0,-4.8,,0,0.0,101.47,,
HAMILTON RBG CS,2018-01-29 01:00:00,2018,1,29,1,-4.6,,0,0.0,101.44,,
HAMILTON RBG CS,2018-01-29 02:00:00,2018,1,29,2,-4.6,,0,0.0,101.45,,
HAMILTON RBG CS,2018-01-29 03:00:00,2018,1,29,3,-4.1,,0,0.0,101.46,,
HAMILTON RBG CS,2018-01-29 04:00:00,2018,1,29,4,-2.0,,8,0.0,101.42,,-5.0
HAMILTON RBG CS,2018-01-29 05:00:00,2018,1,29,5,-2.1,,10,0.0,101.33,,-6.0
HAMILTON RBG CS,2018-01-29 06:00:00,2018,1,29,6,-2.3,,7,0.0,101.33,,-5.0
HAMILTON RBG CS,2018-01-29 07:00:00,2018,1,29,7,-2.1,,11,0.0,101.28,,-6.0
HAMILTON RBG CS,2018-01-29 08:00:00,2018,1,29,8,-1.1,,11,0.0,101.27,,-5.0
HAMILTON RBG CS,2018-01-29 09:00:00,2018,1,29,9,-0.6,,14,0.0,101.26,,-5.0
HAMILTON RBG CS,2018-01-29 10:00:00,2018,1,29,10,-0.6,,14,0.0,101.26,,-5.0
HAMILTON RBG CS,2018-01-29 11:00:00,2018,1,29,11,-0.6,,15,0.0,101.23,,-5.0
HAMILTON RBG CS,2018-01-29 12:00:00,2018,1,29,12,-1.0,,14,0.0,101.14,,-5.0
HAMILTON RBG CS,2018-01-29 13:00:00,2018,1,29,13,-1.4,,15,0.0,101.04,,-6.0
HAMILTON RBG CS,2018-01-29 14:00:00,2018,1,29,14,-2.2,,16,0.0,100.96,,-7.0
HAMILTON RBG CS,2018-01-29 15:00:00,2018,1,29,15,-3.4,,19,0.0,100.92,,-9.0
HAMILTON RBG CS,2018-01-29 16:00:00,2018,1,29,16,-3.3,,12,0.0,100.89,,-8.0
HAMILTON RBG CS,2018-01-29 17:00:00,2018,1,29,17,-3.3,,13,0.0,100.85,,-8.0
HAMILTON RBG CS,2018-01-29 18:00:00,2018,1,29,18,-4.1,,11,0.0,100.87,,-9.0
HAMILTON RBG CS,2018-01-29 19:00:00,2018,1,29,19,-4.5,,11,0.0,100.87,,-9.0
HAMILTON RBG CS,2018-01-29 20:00:00,2018,1,29,20,-4.9,,10,0.0,100.9,,-9.0
HAMILTON RBG CS,2018-01-29 21:00:00,2018,1,29,21,-5.1,,10,0.0,100.86,,-9.0
HAMILTON RBG CS,2018-01-29 22:00:00,2018,1,29,22,-5.0,,11,0.0,100.86,,-10.0
HAMILTON RBG CS,2018-01-29 23:00:00,2018,1,29,23,-5.3,,7,0.0,100.87,,-9.0
HAMILTON RBG CS,2018-01-30 18:00:00,2018,1,30,18,-10.5,,9,0.0,101.51,,-15.0
HAMILTON RBG CS,2018-01-30 00:00:00,2018,1,30,0,-5.7,,8,0.0,100.88,,-9.0
HAMILTON RBG CS,2018-01-30 01:00:00,2018,1,30,1,-6.0,,0,0.0,100.87,,
HAMILTON RBG CS,2018-01-30 02:00:00,2018,1,30,2,-6.3,,4,0.0,100.88,,-8.0
HAMILTON RBG CS,2018-01-30 03:00:00,2018,1,30,3,-7.4,,6,0.0,100.94,,-11.0
HAMILTON RBG CS,2018-01-30 04:00:00,2018,1,30,4,-8.0,,5,0.0,100.97,,-11.0
HAMILTON RBG CS,2018-01-30 05:00:00,2018,1,30,5,-9.2,,10,0.0,101.04,,-14.0
HAMILTON RBG CS,2018-01-30 06:00:00,2018,1,30,6,-10.1,,7,0.0,101.09,,-14.0
HAMILTON RBG CS,2018-01-30 07:00:00,2018,1,30,7,-11.5,,7,0.0,101.2,,-16.0
HAMILTON RBG CS,2018-01-30 08:00:00,2018,1,30,8,-13.1,,5,0.0,101.28,,-16.0
HAMILTON RBG CS,2018-01-30 09:00:00,2018,1,30,9,-11.8,,5,0.0,101.37,,-15.0
HAMILTON RBG CS,2018-01-30 10:00:00,2018,1,30,10,-10.5,,7,0.0,101.43,,-15.0
HAMILTON RBG CS,2018-01-30 11:00:00,2018,1,30,11,-9.7,,9,0.0,101.46,,-15.0
HAMILTON RBG CS,2018-01-30 12:00:00,2018,1,30,12,-9.0,,11,0.4,101.37,,-14.0
HAMILTON RBG CS,2018-01-30 13:00:00,2018,1,30,13,-8.7,,12,1.2,101.31,,-14.0
HAMILTON RBG CS,2018-01-30 14:00:00,2018,1,30,14,-8.3,,15,0.0,101.31,,-15.0
HAMILTON RBG CS,2018-01-30 15:00:00,2018,1,30,15,-8.3,,16,0.0,101.36,,-15.0
HAMILTON RBG CS,2018-01-30 16:00:00,2018,1,30,16,-8.8,,15,0.0,101.36,,-15.0
HAMILTON RBG CS,2018-01-30 17:00:00,2018,1,30,17,-9.2,,10,0.0,101.41,,-14.0
HAMILTON RBG CS,2018-01-30 19:00:00,2018,1,30,19,-11.8,,6,0.0,101.55,,-16.0
HAMILTON RBG CS,2018-01-30 20:00:00,2018,1,30,20,-12.7,,4,0.0,101.55,,-15.0
HAMILTON RBG CS,2018-01-30 21:00:00,2018,1,30,21,-14.7,,3,0.0,101.48,,-17.0
HAMILTON RBG CS,2018-01-30 22:00:00,2018,1,30,22,-17.0,,0,0.0,101.42,,
HAMILTON RBG CS,2018-01-30 23:00:00,2018,1,30,23,-17.3,,0,0.0,101.4,,
HAMILTON RBG CS,2018-01-31 00:00:00,2018,1,31,0,-17.1,,0,0.0,101.36,,
HAMILTON RBG CS,2018-01-31 01:00:00,2018,1,31,1,-16.0,,0,0.0,101.3,,
HAMILTON RBG CS,2018-01-31 02:00:00,2018,1,31,2,-16.0,,0,0.0,101.22,,
HAMILTON RBG CS,2018-01-31 03:00:00,2018,1,31,3,-16.1,,0,0.0,101.21,,
HAMILTON RBG CS,2018-01-31 04:00:00,2018,1,31,4,-15.8,,0,0.0,101.13,,
HAMILTON RBG CS,2018-01-31 05:00:00,2018,1,31,5,-14.8,,0,0.0,101.03,,
HAMILTON RBG CS,2018-01-31 06:00:00,2018,1,31,6,-10.8,,0,0.0,100.84,,
HAMILTON RBG CS,2018-01-31 07:00:00,2018,1,31,7,-8.6,,3,0.0,100.72,,-10.0
HAMILTON RBG CS,2018-01-31 08:00:00,2018,1,31,8,-6.3,,9,0.0,100.58,,-11.0
HAMILTON RBG CS,2018-01-31 09:00:00,2018,1,31,9,-5.7,,9,0.0,100.44,,-10.0
HAMILTON RBG CS,2018-01-31 10:00:00,2018,1,31,10,-4.6,,10,0.0,100.28,,-9.0
HAMILTON RBG CS,2018-01-31 11:00:00,2018,1,31,11,-3.5,,10,0.0,100.1,,-7.0
HAMILTON RBG CS,2018-01-31 12:00:00,2018,1,31,12,-2.1,,10,0.0,99.85,,-6.0
HAMILTON RBG CS,2018-01-31 13:00:00,2018,1,31,13,-1.4,,12,0.0,99.64,,-5.0
HAMILTON RBG CS,2018-01-31 14:00:00,2018,1,31,14,-0.7,,14,0.0,99.41,,-5.0
HAMILTON RBG CS,2018-01-31 15:00:00,2018,1,31,15,1.0,,17,1.8,99.32,,
HAMILTON RBG CS,2018-01-31 16:00:00,2018,1,31,16,1.4,,13,0.0,99.3,,
HAMILTON RBG CS,2018-01-31 17:00:00,2018,1,31,17,1.8,,10,0.0,99.21,,
HAMILTON RBG CS,2018-01-31 18:00:00,2018,1,31,18,2.7,,13,0.0,99.23,,
HAMILTON RBG CS,2018-01-31 19:00:00,2018,1,31,19,3.0,,15,0.0,99.27,,
HAMILTON RBG CS,2018-01-31 20:00:00,2018,1,31,20,3.2,,12,0.4,99.33,,
HAMILTON RBG CS,2018-01-31 21:00:00,2018,1,31,21,2.7,,9,0.0,99.39,,
HAMILTON RBG CS,2018-01-31 22:00:00,2018,1,31,22,2.2,,7,0.0,99.38,,
HAMILTON RBG CS,2018-01-31 23:00:00,2018,1,31,23,1.8,,7,0.0,99.39,,
